<?xml version="1.0" encoding="UTF-8"?>
<kml xmlns="http://www.opengis.net/kml/2.2">
  <Document>
    <name>San Diego Fishing Spots</name>
    <description>Fishing spots for the water around San Diego</description>
    <Style id="icon-1125-labelson">
      <IconStyle>
        <scale>1.1</scale>
        <Icon>
          <href>http://www.gstatic.com/mapspro/images/stock/1125-crisis-caution.png</href>
        </Icon>
      </IconStyle>
    </Style>
    <Style id="icon-1197-normal">
      <IconStyle>
        <scale>1.1</scale>
        <Icon>
          <href>http://www.gstatic.com/mapspro/images/stock/1197-fac-headquarters.png</href>
        </Icon>
      </IconStyle>
      <LabelStyle>
        <scale>0</scale>
      </LabelStyle>
    </Style>
    <Style id="icon-1197-highlight">
      <IconStyle>
        <scale>1.1</scale>
        <Icon>
          <href>http://www.gstatic.com/mapspro/images/stock/1197-fac-headquarters.png</href>
        </Icon>
      </IconStyle>
      <LabelStyle>
        <scale>1.1</scale>
      </LabelStyle>
    </Style>
    <StyleMap id="icon-1197">
      <Pair>
        <key>normal</key>
        <styleUrl>#icon-1197-normal</styleUrl>
      </Pair>
      <Pair>
        <key>highlight</key>
        <styleUrl>#icon-1197-highlight</styleUrl>
      </Pair>
    </StyleMap>
    <Style id="icon-503-009D57-labelson-nodesc">
      <IconStyle>
        <color>ff579d00</color>
        <scale>1.1</scale>
        <Icon>
          <href>http://www.gstatic.com/mapspro/images/stock/503-wht-blank_maps.png</href>
        </Icon>
        <hotSpot x="16" xunits="pixels" y="32" yunits="insetPixels"/>
      </IconStyle>
      <BalloonStyle>
        <text><![CDATA[<h3>$[name]</h3>]]></text>
      </BalloonStyle>
    </Style>
    <Style id="icon-503-3F5BA9-normal">
      <IconStyle>
        <color>ffa95b3f</color>
        <scale>1.1</scale>
        <Icon>
          <href>http://www.gstatic.com/mapspro/images/stock/503-wht-blank_maps.png</href>
        </Icon>
        <hotSpot x="16" xunits="pixels" y="32" yunits="insetPixels"/>
      </IconStyle>
      <LabelStyle>
        <scale>0</scale>
      </LabelStyle>
    </Style>
    <Style id="icon-503-3F5BA9-highlight">
      <IconStyle>
        <color>ffa95b3f</color>
        <scale>1.1</scale>
        <Icon>
          <href>http://www.gstatic.com/mapspro/images/stock/503-wht-blank_maps.png</href>
        </Icon>
        <hotSpot x="16" xunits="pixels" y="32" yunits="insetPixels"/>
      </IconStyle>
      <LabelStyle>
        <scale>1.1</scale>
      </LabelStyle>
    </Style>
    <StyleMap id="icon-503-3F5BA9">
      <Pair>
        <key>normal</key>
        <styleUrl>#icon-503-3F5BA9-normal</styleUrl>
      </Pair>
      <Pair>
        <key>highlight</key>
        <styleUrl>#icon-503-3F5BA9-highlight</styleUrl>
      </Pair>
    </StyleMap>
    <Style id="icon-503-3F5BA9-nodesc-normal">
      <IconStyle>
        <color>ffa95b3f</color>
        <scale>1.1</scale>
        <Icon>
          <href>http://www.gstatic.com/mapspro/images/stock/503-wht-blank_maps.png</href>
        </Icon>
        <hotSpot x="16" xunits="pixels" y="32" yunits="insetPixels"/>
      </IconStyle>
      <LabelStyle>
        <scale>0</scale>
      </LabelStyle>
      <BalloonStyle>
        <text><![CDATA[<h3>$[name]</h3>]]></text>
      </BalloonStyle>
    </Style>
    <Style id="icon-503-3F5BA9-nodesc-highlight">
      <IconStyle>
        <color>ffa95b3f</color>
        <scale>1.1</scale>
        <Icon>
          <href>http://www.gstatic.com/mapspro/images/stock/503-wht-blank_maps.png</href>
        </Icon>
        <hotSpot x="16" xunits="pixels" y="32" yunits="insetPixels"/>
      </IconStyle>
      <LabelStyle>
        <scale>1.1</scale>
      </LabelStyle>
      <BalloonStyle>
        <text><![CDATA[<h3>$[name]</h3>]]></text>
      </BalloonStyle>
    </Style>
    <StyleMap id="icon-503-3F5BA9-nodesc">
      <Pair>
        <key>normal</key>
        <styleUrl>#icon-503-3F5BA9-nodesc-normal</styleUrl>
      </Pair>
      <Pair>
        <key>highlight</key>
        <styleUrl>#icon-503-3F5BA9-nodesc-highlight</styleUrl>
      </Pair>
    </StyleMap>
    <Style id="icon-503-7CCFA9-labelson-nodesc">
      <IconStyle>
        <color>ffa9cf7c</color>
        <scale>1.1</scale>
        <Icon>
          <href>http://www.gstatic.com/mapspro/images/stock/503-wht-blank_maps.png</href>
        </Icon>
        <hotSpot x="16" xunits="pixels" y="32" yunits="insetPixels"/>
      </IconStyle>
      <BalloonStyle>
        <text><![CDATA[<h3>$[name]</h3>]]></text>
      </BalloonStyle>
    </Style>
    <Style id="icon-503-DB4436-normal">
      <IconStyle>
        <color>ff3644db</color>
        <scale>1.1</scale>
        <Icon>
          <href>http://www.gstatic.com/mapspro/images/stock/503-wht-blank_maps.png</href>
        </Icon>
        <hotSpot x="16" xunits="pixels" y="32" yunits="insetPixels"/>
      </IconStyle>
      <LabelStyle>
        <scale>0</scale>
      </LabelStyle>
    </Style>
    <Style id="icon-503-DB4436-highlight">
      <IconStyle>
        <color>ff3644db</color>
        <scale>1.1</scale>
        <Icon>
          <href>http://www.gstatic.com/mapspro/images/stock/503-wht-blank_maps.png</href>
        </Icon>
        <hotSpot x="16" xunits="pixels" y="32" yunits="insetPixels"/>
      </IconStyle>
      <LabelStyle>
        <scale>1.1</scale>
      </LabelStyle>
    </Style>
    <StyleMap id="icon-503-DB4436">
      <Pair>
        <key>normal</key>
        <styleUrl>#icon-503-DB4436-normal</styleUrl>
      </Pair>
      <Pair>
        <key>highlight</key>
        <styleUrl>#icon-503-DB4436-highlight</styleUrl>
      </Pair>
    </StyleMap>
    <Style id="icon-503-F4EB37-nodesc-normal">
      <IconStyle>
        <color>ff37ebf4</color>
        <scale>1.1</scale>
        <Icon>
          <href>http://www.gstatic.com/mapspro/images/stock/503-wht-blank_maps.png</href>
        </Icon>
        <hotSpot x="16" xunits="pixels" y="32" yunits="insetPixels"/>
      </IconStyle>
      <LabelStyle>
        <scale>0</scale>
      </LabelStyle>
      <BalloonStyle>
        <text><![CDATA[<h3>$[name]</h3>]]></text>
      </BalloonStyle>
    </Style>
    <Style id="icon-503-F4EB37-nodesc-highlight">
      <IconStyle>
        <color>ff37ebf4</color>
        <scale>1.1</scale>
        <Icon>
          <href>http://www.gstatic.com/mapspro/images/stock/503-wht-blank_maps.png</href>
        </Icon>
        <hotSpot x="16" xunits="pixels" y="32" yunits="insetPixels"/>
      </IconStyle>
      <LabelStyle>
        <scale>1.1</scale>
      </LabelStyle>
      <BalloonStyle>
        <text><![CDATA[<h3>$[name]</h3>]]></text>
      </BalloonStyle>
    </Style>
    <StyleMap id="icon-503-F4EB37-nodesc">
      <Pair>
        <key>normal</key>
        <styleUrl>#icon-503-F4EB37-nodesc-normal</styleUrl>
      </Pair>
      <Pair>
        <key>highlight</key>
        <styleUrl>#icon-503-F4EB37-nodesc-highlight</styleUrl>
      </Pair>
    </StyleMap>
    <Style id="poly-009D57-1000-79-nodesc-normal">
      <LineStyle>
        <color>ff579d00</color>
        <width>1</width>
      </LineStyle>
      <PolyStyle>
        <color>4f579d00</color>
        <fill>1</fill>
        <outline>1</outline>
      </PolyStyle>
      <BalloonStyle>
        <text><![CDATA[<h3>$[name]</h3>]]></text>
      </BalloonStyle>
    </Style>
    <Style id="poly-009D57-1000-79-nodesc-highlight">
      <LineStyle>
        <color>ff579d00</color>
        <width>1.5</width>
      </LineStyle>
      <PolyStyle>
        <color>4f579d00</color>
        <fill>1</fill>
        <outline>1</outline>
      </PolyStyle>
      <BalloonStyle>
        <text><![CDATA[<h3>$[name]</h3>]]></text>
      </BalloonStyle>
    </Style>
    <StyleMap id="poly-009D57-1000-79-nodesc">
      <Pair>
        <key>normal</key>
        <styleUrl>#poly-009D57-1000-79-nodesc-normal</styleUrl>
      </Pair>
      <Pair>
        <key>highlight</key>
        <styleUrl>#poly-009D57-1000-79-nodesc-highlight</styleUrl>
      </Pair>
    </StyleMap>
    <Style id="poly-4186F0-2000-38-normal">
      <LineStyle>
        <color>fff08641</color>
        <width>2</width>
      </LineStyle>
      <PolyStyle>
        <color>26f08641</color>
        <fill>1</fill>
        <outline>1</outline>
      </PolyStyle>
    </Style>
    <Style id="poly-4186F0-2000-38-highlight">
      <LineStyle>
        <color>fff08641</color>
        <width>3</width>
      </LineStyle>
      <PolyStyle>
        <color>26f08641</color>
        <fill>1</fill>
        <outline>1</outline>
      </PolyStyle>
    </Style>
    <StyleMap id="poly-4186F0-2000-38">
      <Pair>
        <key>normal</key>
        <styleUrl>#poly-4186F0-2000-38-normal</styleUrl>
      </Pair>
      <Pair>
        <key>highlight</key>
        <styleUrl>#poly-4186F0-2000-38-highlight</styleUrl>
      </Pair>
    </StyleMap>
    <Style id="poly-7CCFA9-1000-87-nodesc-normal">
      <LineStyle>
        <color>ffa9cf7c</color>
        <width>1</width>
      </LineStyle>
      <PolyStyle>
        <color>57a9cf7c</color>
        <fill>1</fill>
        <outline>1</outline>
      </PolyStyle>
      <BalloonStyle>
        <text><![CDATA[<h3>$[name]</h3>]]></text>
      </BalloonStyle>
    </Style>
    <Style id="poly-7CCFA9-1000-87-nodesc-highlight">
      <LineStyle>
        <color>ffa9cf7c</color>
        <width>1.5</width>
      </LineStyle>
      <PolyStyle>
        <color>57a9cf7c</color>
        <fill>1</fill>
        <outline>1</outline>
      </PolyStyle>
      <BalloonStyle>
        <text><![CDATA[<h3>$[name]</h3>]]></text>
      </BalloonStyle>
    </Style>
    <StyleMap id="poly-7CCFA9-1000-87-nodesc">
      <Pair>
        <key>normal</key>
        <styleUrl>#poly-7CCFA9-1000-87-nodesc-normal</styleUrl>
      </Pair>
      <Pair>
        <key>highlight</key>
        <styleUrl>#poly-7CCFA9-1000-87-nodesc-highlight</styleUrl>
      </Pair>
    </StyleMap>
    <Style id="poly-93D7E8-1401-38-nodesc-normal">
      <LineStyle>
        <color>ffe8d793</color>
        <width>1.401</width>
      </LineStyle>
      <PolyStyle>
        <color>26e8d793</color>
        <fill>1</fill>
        <outline>1</outline>
      </PolyStyle>
      <BalloonStyle>
        <text><![CDATA[<h3>$[name]</h3>]]></text>
      </BalloonStyle>
    </Style>
    <Style id="poly-93D7E8-1401-38-nodesc-highlight">
      <LineStyle>
        <color>ffe8d793</color>
        <width>2.1015</width>
      </LineStyle>
      <PolyStyle>
        <color>26e8d793</color>
        <fill>1</fill>
        <outline>1</outline>
      </PolyStyle>
      <BalloonStyle>
        <text><![CDATA[<h3>$[name]</h3>]]></text>
      </BalloonStyle>
    </Style>
    <StyleMap id="poly-93D7E8-1401-38-nodesc">
      <Pair>
        <key>normal</key>
        <styleUrl>#poly-93D7E8-1401-38-nodesc-normal</styleUrl>
      </Pair>
      <Pair>
        <key>highlight</key>
        <styleUrl>#poly-93D7E8-1401-38-nodesc-highlight</styleUrl>
      </Pair>
    </StyleMap>
    <Style id="poly-A7B5D7-1000-28-nodesc-normal">
      <LineStyle>
        <color>ffd7b5a7</color>
        <width>1</width>
      </LineStyle>
      <PolyStyle>
        <color>1cd7b5a7</color>
        <fill>1</fill>
        <outline>1</outline>
      </PolyStyle>
      <BalloonStyle>
        <text><![CDATA[<h3>$[name]</h3>]]></text>
      </BalloonStyle>
    </Style>
    <Style id="poly-A7B5D7-1000-28-nodesc-highlight">
      <LineStyle>
        <color>ffd7b5a7</color>
        <width>1.5</width>
      </LineStyle>
      <PolyStyle>
        <color>1cd7b5a7</color>
        <fill>1</fill>
        <outline>1</outline>
      </PolyStyle>
      <BalloonStyle>
        <text><![CDATA[<h3>$[name]</h3>]]></text>
      </BalloonStyle>
    </Style>
    <StyleMap id="poly-A7B5D7-1000-28-nodesc">
      <Pair>
        <key>normal</key>
        <styleUrl>#poly-A7B5D7-1000-28-nodesc-normal</styleUrl>
      </Pair>
      <Pair>
        <key>highlight</key>
        <styleUrl>#poly-A7B5D7-1000-28-nodesc-highlight</styleUrl>
      </Pair>
    </StyleMap>
    <Style id="poly-DB4436-2000-38-normal">
      <LineStyle>
        <color>ff3644db</color>
        <width>2</width>
      </LineStyle>
      <PolyStyle>
        <color>263644db</color>
        <fill>1</fill>
        <outline>1</outline>
      </PolyStyle>
    </Style>
    <Style id="poly-DB4436-2000-38-highlight">
      <LineStyle>
        <color>ff3644db</color>
        <width>3</width>
      </LineStyle>
      <PolyStyle>
        <color>263644db</color>
        <fill>1</fill>
        <outline>1</outline>
      </PolyStyle>
    </Style>
    <StyleMap id="poly-DB4436-2000-38">
      <Pair>
        <key>normal</key>
        <styleUrl>#poly-DB4436-2000-38-normal</styleUrl>
      </Pair>
      <Pair>
        <key>highlight</key>
        <styleUrl>#poly-DB4436-2000-38-highlight</styleUrl>
      </Pair>
    </StyleMap>
    <Style id="poly-DB4436-2000-99-normal">
      <LineStyle>
        <color>ff3644db</color>
        <width>2</width>
      </LineStyle>
      <PolyStyle>
        <color>633644db</color>
        <fill>1</fill>
        <outline>1</outline>
      </PolyStyle>
    </Style>
    <Style id="poly-DB4436-2000-99-highlight">
      <LineStyle>
        <color>ff3644db</color>
        <width>3</width>
      </LineStyle>
      <PolyStyle>
        <color>633644db</color>
        <fill>1</fill>
        <outline>1</outline>
      </PolyStyle>
    </Style>
    <StyleMap id="poly-DB4436-2000-99">
      <Pair>
        <key>normal</key>
        <styleUrl>#poly-DB4436-2000-99-normal</styleUrl>
      </Pair>
      <Pair>
        <key>highlight</key>
        <styleUrl>#poly-DB4436-2000-99-highlight</styleUrl>
      </Pair>
    </StyleMap>
    <Style id="poly-F9F7A6-1200-18-nodesc-normal">
      <LineStyle>
        <color>ffa6f7f9</color>
        <width>1.2</width>
      </LineStyle>
      <PolyStyle>
        <color>12a6f7f9</color>
        <fill>1</fill>
        <outline>1</outline>
      </PolyStyle>
      <BalloonStyle>
        <text><![CDATA[<h3>$[name]</h3>]]></text>
      </BalloonStyle>
    </Style>
    <Style id="poly-F9F7A6-1200-18-nodesc-highlight">
      <LineStyle>
        <color>ffa6f7f9</color>
        <width>1.8</width>
      </LineStyle>
      <PolyStyle>
        <color>12a6f7f9</color>
        <fill>1</fill>
        <outline>1</outline>
      </PolyStyle>
      <BalloonStyle>
        <text><![CDATA[<h3>$[name]</h3>]]></text>
      </BalloonStyle>
    </Style>
    <StyleMap id="poly-F9F7A6-1200-18-nodesc">
      <Pair>
        <key>normal</key>
        <styleUrl>#poly-F9F7A6-1200-18-nodesc-normal</styleUrl>
      </Pair>
      <Pair>
        <key>highlight</key>
        <styleUrl>#poly-F9F7A6-1200-18-nodesc-highlight</styleUrl>
      </Pair>
    </StyleMap>
    <Folder>
      <name>SWYC Boundaries</name>
      <Placemark>
        <name>Point Conception</name>
        <styleUrl>#icon-503-3F5BA9-nodesc</styleUrl>
        <Point>
          <coordinates>
            -120.471551,34.448598,0
          </coordinates>
        </Point>
      </Placemark>
      <Placemark>
        <name>[South Boundary]</name>
        <description>30.4667°, -116.7695°</description>
        <styleUrl>#icon-503-3F5BA9</styleUrl>
        <Point>
          <coordinates>
            -116.7695,30.4667,0
          </coordinates>
        </Point>
      </Placemark>
      <Placemark>
        <name>[West Boundary]</name>
        <description>30.4667°, -123.°</description>
        <styleUrl>#icon-503-3F5BA9</styleUrl>
        <Point>
          <coordinates>
            -123,30.4667,0
          </coordinates>
        </Point>
      </Placemark>
      <Placemark>
        <name>[North Boundary]</name>
        <description>34.44859, -123</description>
        <styleUrl>#icon-503-3F5BA9</styleUrl>
        <Point>
          <coordinates>
            -123,34.44859,0
          </coordinates>
        </Point>
      </Placemark>
      <Placemark>
        <name>SWYC Competition Boundary</name>
        <styleUrl>#poly-A7B5D7-1000-28-nodesc</styleUrl>
        <Polygon>
          <outerBoundaryIs>
            <LinearRing>
              <tessellate>1</tessellate>
              <coordinates>
                -123,34.44859,0
                -123,30.4667,0
                -116.7695,30.4667,0
                -116.769561,30.466209,0
                -116.041183,30.467324,0
                -116.048594,30.474643,0
                -116.044679,30.488172,0
                -116.025833,30.581992,0
                -116.02207,30.67463,0
                -116.043544,30.716503,0
                -116.045921,30.77845,0
                -116.073034,30.827416,0
                -116.1053,30.82154,0
                -116.153388,30.865182,0
                -116.169919,30.862849,0
                -116.20302,30.885284,0
                -116.212953,30.916019,0
                -116.243852,30.93859,0
                -116.275516,30.974306,0
                -116.32101,30.95735,0
                -116.333759,30.971721,0
                -116.307044,31.15563,0
                -116.34536,31.214869,0
                -116.374796,31.265289,0
                -116.447546,31.329209,0
                -116.451662,31.343846,0
                -116.48052,31.369596,0
                -116.494983,31.408787,0
                -116.530064,31.442111,0
                -116.55919,31.467588,0
                -116.598284,31.470474,0
                -116.614761,31.505565,0
                -116.645053,31.521863,0
                -116.664518,31.542765,0
                -116.663645,31.555332,0
                -116.685293,31.557031,0
                -116.683292,31.568649,0
                -116.643512,31.57792,0
                -116.65964,31.610477,0
                -116.646248,31.66643,0
                -116.695034,31.716367,0
                -116.710216,31.715745,0
                -116.730998,31.743724,0
                -116.633767,31.691023,0
                -116.62332,31.702446,0
                -116.605148,31.770893,0
                -116.607243,31.847095,0
                -116.619604,31.862662,0
                -116.671799,31.870054,0
                -116.702038,31.901342,0
                -116.748774,31.91046,0
                -116.7599483,31.9627105,0
                -116.7899014,31.980954,0
                -116.8308851,31.9799654,0
                -116.8500525,31.9887429,0
                -116.8774695,32.0184806,0
                -116.8856141,32.0430146,0
                -116.8794812,32.0659282,0
                -116.885708,32.128406,0
                -116.906709,32.16878,0
                -116.914678,32.216127,0
                -116.925687,32.232765,0
                -116.947002,32.249401,0
                -117.022276,32.269289,0
                -117.039992,32.286398,0
                -117.052978,32.332094,0
                -117.089341,32.397512,0
                -117.109114,32.449173,0
                -117.120317,32.469391,0
                -117.123284,32.494822,0
                -117.124689,32.534172,0
                -117.124862,32.534156,0
                -117.125874,32.544491,0
                -117.129178,32.554324,0
                -117.132071,32.560316,0
                -117.133039,32.571786,0
                -117.133363,32.575625,0
                -117.133282,32.579951,0
                -117.133208,32.583954,0
                -117.133206,32.584029,0
                -117.133176,32.585631,0
                -117.132963,32.597054,0
                -117.134238,32.604533,0
                -117.136664,32.618754,0
                -117.139464,32.627054,0
                -117.141087,32.629727,0
                -117.145321,32.6367,0
                -117.145429,32.636878,0
                -117.15342,32.650037,0
                -117.159865,32.660652,0
                -117.16651,32.668995,0
                -117.168866,32.671952,0
                -117.169246,32.672202,0
                -117.171116,32.673428,0
                -117.174266,32.675494,0
                -117.175534,32.676325,0
                -117.178157,32.678046,0
                -117.180148,32.679352,0
                -117.187465,32.683959,0
                -117.193937,32.686099,0
                -117.197361,32.687232,0
                -117.213068,32.687751,0
                -117.217502,32.685821,0
                -117.223433,32.68324,0
                -117.223715,32.683118,0
                -117.223868,32.683051,0
                -117.236237,32.671355,0
                -117.236239,32.671353,0
                -117.237294,32.667489,0
                -117.243128,32.66454,0
                -117.246069,32.669352,0
                -117.255169,32.700051,0
                -117.255859,32.707523,0
                -117.256166,32.710848,0
                -117.256387,32.713245,0
                -117.256569,32.715216,0
                -117.256897,32.718759,0
                -117.257554,32.725874,0
                -117.25757,32.72605,0
                -117.257276,32.728645,0
                -117.257096,32.730232,0
                -117.256295,32.73729,0
                -117.255947,32.740364,0
                -117.255812,32.741548,0
                -117.255597,32.743443,0
                -117.25537,32.745449,0
                -117.254909,32.746684,0
                -117.254649,32.747379,0
                -117.252977,32.751859,0
                -117.25257,32.752948,0
                -117.25257,32.752949,0
                -117.252751,32.754106,0
                -117.253524,32.759052,0
                -117.253803,32.760839,0
                -117.254102,32.767536,0
                -117.254741,32.781826,0
                -117.254852,32.784317,0
                -117.254949,32.786478,0
                -117.25497,32.786948,0
                -117.256259,32.790372,0
                -117.258292,32.795772,0
                -117.260103,32.80058,0
                -117.260158,32.800726,0
                -117.26107,32.803148,0
                -117.262252,32.804717,0
                -117.264028,32.807074,0
                -117.267245,32.807564,0
                -117.267842,32.807809,0
                -117.269986,32.808688,0
                -117.269887,32.811211,0
                -117.271825,32.81329,0
                -117.273421,32.815001,0
                -117.273992,32.815824,0
                -117.275588,32.818125,0
                -117.280971,32.822247,0
                -117.280977,32.82234,0
                -117.281244,32.826191,0
                -117.281627,32.831714,0
                -117.28197,32.836657,0
                -117.28217,32.839547,0
                -117.28117,32.843047,0
                -117.27387,32.851447,0
                -117.273091,32.851228,0
                -117.268275,32.849875,0
                -117.267353,32.849616,0
                -117.26524,32.849023,0
                -117.26497,32.848947,0
                -117.263684,32.850053,0
                -117.26067,32.852647,0
                -117.25617,32.859447,0
                -117.254981,32.863383,0
                -117.252507,32.871574,0
                -117.25167,32.874346,0
                -117.251314,32.87857,0
                -117.252762,32.884412,0
                -117.253363,32.889951,0
                -117.25447,32.900146,0
                -117.257777,32.912867,0
                -117.258929,32.917296,0
                -117.260107,32.927957,0
                -117.260143,32.928281,0
                -117.26047,32.931245,0
                -117.262463,32.938109,0
                -117.262842,32.939414,0
                -117.262879,32.939542,0
                -117.262936,32.939738,0
                -117.266478,32.951936,0
                -117.268023,32.957257,0
                -117.268545,32.960632,0
                -117.269709,32.968165,0
                -117.272249,32.978311,0
                -117.272781,32.980434,0
                -117.272801,32.980515,0
                -117.27536,32.990734,0
                -117.277965,33.001138,0
                -117.279444,33.007046,0
                -117.28077,33.012343,0
                -117.282437,33.015615,0
                -117.28947,33.029417,0
                -117.290992,33.031456,0
                -117.29337,33.034642,0
                -117.294293,33.035829,0
                -117.296433,33.038579,0
                -117.29763,33.045006,0
                -117.298904,33.048105,0
                -117.300599,33.052228,0
                -117.305669,33.064561,0
                -117.309771,33.07454,0
                -117.312084,33.081812,0
                -117.313673,33.086808,0
                -117.313713,33.086936,0
                -117.313827,33.087295,0
                -117.315838,33.093617,0
                -117.321254,33.105826,0
                -117.328208,33.121502,0
                -117.328359,33.121842,0
                -117.338662,33.135873,0
                -117.344766,33.144187,0
                -117.344933,33.144415,0
                -117.345173,33.144742,0
                -117.359174,33.163809,0
                -117.359287,33.163963,0
                -117.359412,33.164133,0
                -117.359484,33.164231,0
                -117.362572,33.168437,0
                -117.36623,33.172781,0
                -117.368554,33.175539,0
                -117.369389,33.176531,0
                -117.369465,33.176622,0
                -117.376393,33.184848,0
                -117.376673,33.185181,0
                -117.381226,33.190587,0
                -117.384371,33.19432,0
                -117.387955,33.198576,0
                -117.39148,33.202762,0
                -117.396908,33.207388,0
                -117.396924,33.207402,0
                -117.399453,33.206848,0
                -117.399681,33.20587,0
                -117.402385,33.205605,0
                -117.40286,33.205558,0
                -117.40301,33.206245,0
                -117.40577,33.20921,0
                -117.405692,33.213847,0
                -117.404387,33.215291,0
                -117.406218,33.218288,0
                -117.436443,33.256854,0
                -117.445583,33.268517,0
                -117.469794,33.296417,0
                -117.505919,33.333253,0
                -117.547834,33.364878,0
                -117.560396,33.370519,0
                -117.568996,33.375296,0
                -117.571722,33.378988,0
                -117.575177,33.380522,0
                -117.580399,33.380939,0
                -117.582126,33.381772,0
                -117.588423,33.382734,0
                -117.589959,33.38408,0
                -117.59588,33.386629,0
                -117.596147,33.387168,0
                -117.602263,33.399496,0
                -117.607278,33.405559,0
                -117.607905,33.406317,0
                -117.609747,33.408417,0
                -117.612495,33.411549,0
                -117.617294,33.416196,0
                -117.620036,33.419458,0
                -117.62217,33.421996,0
                -117.625891,33.424632,0
                -117.631682,33.430528,0
                -117.63174,33.430574,0
                -117.63378,33.432201,0
                -117.642595,33.439234,0
                -117.645582,33.440728,0
                -117.64559,33.440734,0
                -117.645874,33.440951,0
                -117.650688,33.444625,0
                -117.652692,33.446154,0
                -117.658067,33.44955,0
                -117.663589,33.451981,0
                -117.668314,33.454933,0
                -117.673385,33.458102,0
                -117.681025,33.461754,0
                -117.684241,33.46191,0
                -117.684584,33.461927,0
                -117.68942,33.461658,0
                -117.689933,33.457846,0
                -117.691984,33.456627,0
                -117.691353,33.454355,0
                -117.691384,33.454028,0
                -117.694693,33.455604,0
                -117.704675,33.457878,0
                -117.707093,33.460285,0
                -117.70855,33.46063,0
                -117.709652,33.460332,0
                -117.713371,33.460019,0
                -117.714617,33.459914,0
                -117.715349,33.460556,0
                -117.715657,33.461675,0
                -117.715688,33.462657,0
                -117.714783,33.463262,0
                -117.715102,33.464463,0
                -117.720363,33.472911,0
                -117.721616,33.473427,0
                -117.725553,33.481512,0
                -117.726433,33.483317,0
                -117.726486,33.483427,0
                -117.731953,33.484659,0
                -117.7333,33.484963,0
                -117.73416,33.485824,0
                -117.73693,33.488598,0
                -117.73785,33.489519,0
                -117.739057,33.49333,0
                -117.73955,33.494886,0
                -117.7459,33.500455,0
                -117.746288,33.500795,0
                -117.753647,33.510494,0
                -117.754974,33.512243,0
                -117.759725,33.514417,0
                -117.761387,33.516326,0
                -117.763187,33.51891,0
                -117.765063,33.521605,0
                -117.769151,33.525132,0
                -117.77396,33.529324,0
                -117.776844,33.531837,0
                -117.779624,33.535185,0
                -117.78269,33.538878,0
                -117.784888,33.541525,0
                -117.788621,33.542618,0
                -117.789037,33.542739,0
                -117.792488,33.543749,0
                -117.792863,33.543859,0
                -117.792936,33.54388,0
                -117.801288,33.546324,0
                -117.804937,33.547782,0
                -117.806916,33.548573,0
                -117.806981,33.548829,0
                -117.807515,33.550951,0
                -117.811379,33.55232,0
                -117.813513,33.551209,0
                -117.814558,33.55179,0
                -117.818587,33.55403,0
                -117.819821,33.554716,0
                -117.820072,33.556682,0
                -117.820304,33.558505,0
                -117.826188,33.563001,0
                -117.828969,33.564216,0
                -117.833446,33.566173,0
                -117.834408,33.567206,0
                -117.834476,33.56728,0
                -117.836703,33.569672,0
                -117.839534,33.572712,0
                -117.840289,33.573523,0
                -117.853332,33.579593,0
                -117.858586,33.58261,0
                -117.861134,33.584073,0
                -117.86427,33.585874,0
                -117.866148,33.587339,0
                -117.870749,33.59093,0
                -117.873352,33.592933,0
                -117.87679,33.592322,0
                -117.878897,33.593066,0
                -117.893642,33.598275,0
                -117.899242,33.600253,0
                -117.89926,33.600259,0
                -117.926632,33.606853,0
                -117.928019,33.607187,0
                -117.940591,33.620021,0
                -117.95731,33.629578,0
                -117.957491,33.629681,0
                -117.957548,33.629714,0
                -117.957936,33.629936,0
                -117.965048,33.634001,0
                -117.97088,33.637334,0
                -117.987899,33.647063,0
                -118.000593,33.654319,0
                -118.000806,33.654481,0
                -118.005471,33.658023,0
                -118.008184,33.660083,0
                -118.008428,33.660269,0
                -118.018784,33.668133,0
                -118.029694,33.676418,0
                -118.032225,33.678906,0
                -118.032839,33.679509,0
                -118.034928,33.681563,0
                -118.055288,33.701575,0
                -118.064895,33.711018,0
                -118.065423,33.711462,0
                -118.078717,33.722634,0
                -118.079497,33.723289,0
                -118.086975,33.729573,0
                -118.088928,33.731214,0
                -118.094862,33.733871,0
                -118.113647,33.742282,0
                -118.115411,33.743295,0
                -118.11442,33.745176,0
                -118.117804,33.744668,0
                -118.132595,33.753158,0
                -118.132698,33.753217,0
                -118.136935,33.754546,0
                -118.140286,33.755597,0
                -118.146563,33.757566,0
                -118.152144,33.759317,0
                -118.156429,33.760661,0
                -118.156758,33.760742,0
                -118.159907,33.761515,0
                -118.166497,33.763134,0
                -118.166887,33.76323,0
                -118.1755,33.763617,0
                -118.176199,33.763588,0
                -118.176376,33.76358,0
                -118.18035,33.763413,0
                -118.17962,33.759181,0
                -118.179849,33.758962,0
                -118.184575,33.75444,0
                -118.187709,33.751441,0
                -118.188657,33.750534,0
                -118.189833,33.749408,0
                -118.185952,33.738566,0
                -118.18584,33.738254,0
                -118.185734,33.737616,0
                -118.183342,33.723186,0
                -118.197436,33.723125,0
                -118.206534,33.723086,0
                -118.232948,33.71453,0
                -118.232952,33.714529,0
                -118.244618,33.71075,0
                -118.247763,33.709732,0
                -118.262297,33.705024,0
                -118.269645,33.70403,0
                -118.271737,33.704877,0
                -118.277208,33.707091,0
                -118.277974,33.707277,0
                -118.27798,33.707279,0
                -118.283541,33.70863,0
                -118.284296,33.708814,0
                -118.285412,33.707911,0
                -118.285898,33.707518,0
                -118.287999,33.705819,0
                -118.288373,33.705516,0
                -118.292873,33.705233,0
                -118.294788,33.705112,0
                -118.29511,33.70582,0
                -118.296463,33.708792,0
                -118.310155,33.712932,0
                -118.311562,33.713496,0
                -118.314141,33.714531,0
                -118.317482,33.71363,0
                -118.320359,33.717186,0
                -118.321216,33.717524,0
                -118.322315,33.717958,0
                -118.324075,33.718653,0
                -118.332894,33.722132,0
                -118.342622,33.725971,0
                -118.352052,33.727681,0
                -118.354705,33.732317,0
                -118.354802,33.732392,0
                -118.360505,33.736817,0
                -118.363714,33.737865,0
                -118.364121,33.737998,0
                -118.367945,33.738086,0
                -118.36931,33.736315,0
                -118.36972,33.73641,0
                -118.373635,33.737319,0
                -118.375352,33.737718,0
                -118.376283,33.737934,0
                -118.376531,33.740444,0
                -118.381749,33.742875,0
                -118.385006,33.741417,0
                -118.389794,33.739553,0
                -118.392896,33.738345,0
                -118.398286,33.736247,0
                -118.402885,33.739401,0
                -118.404415,33.741171,0
                -118.411211,33.741985,0
                -118.411397,33.742339,0
                -118.414152,33.747585,0
                -118.414216,33.747705,0
                -118.41428,33.747828,0
                -118.418352,33.759475,0
                -118.42057,33.761807,0
                -118.422039,33.763351,0
                -118.422446,33.763779,0
                -118.422925,33.764283,0
                -118.423945,33.766224,0
                -118.424467,33.767216,0
                -118.424936,33.768109,0
                -118.421917,33.769355,0
                -118.423733,33.772373,0
                -118.423819,33.772516,0
                -118.427147,33.772318,0
                -118.428292,33.774496,0
                -118.428407,33.774715,0
                -118.427048,33.776699,0
                -118.42438,33.780594,0
                -118.423407,33.782015,0
                -118.422658,33.782756,0
                -118.420238,33.785149,0
                -118.420093,33.785293,0
                -118.417438,33.787919,0
                -118.406999,33.79189,0
                -118.407409,33.79349,0
                -118.408297,33.796961,0
                -118.405007,33.800215,0
                -118.400022,33.802125,0
                -118.394376,33.804289,0
                -118.394307,33.804315,0
                -118.391507,33.815415,0
                -118.391506,33.815425,0
                -118.391054,33.824525,0
                -118.390875,33.828118,0
                -118.390839,33.828844,0
                -118.390511,33.835434,0
                -118.390511,33.835437,0
                -118.391103,33.838771,0
                -118.392027,33.838723,0
                -118.392228,33.838848,0
                -118.395388,33.840816,0
                -118.399709,33.843508,0
                -118.401798,33.847951,0
                -118.401714,33.848479,0
                -118.40157,33.849382,0
                -118.400096,33.850137,0
                -118.399479,33.850454,0
                -118.399484,33.851723,0
                -118.399493,33.853759,0
                -118.400872,33.856905,0
                -118.402912,33.861561,0
                -118.402962,33.861675,0
                -118.409548,33.876703,0
                -118.40964,33.876911,0
                -118.412695,33.883884,0
                -118.412708,33.883913,0
                -118.414654,33.887608,0
                -118.415611,33.889425,0
                -118.41626,33.890658,0
                -118.417545,33.893097,0
                -118.419224,33.896286,0
                -118.419437,33.89669,0
                -118.421083,33.899815,0
                -118.421963,33.901487,0
                -118.422018,33.901591,0
                -118.423655,33.904699,0
                -118.423674,33.904736,0
                -118.429749,33.916271,0
                -118.430012,33.91677,0
                -118.435198,33.926617,0
                -118.44241,33.940312,0
                -118.442491,33.940462,0
                -118.448226,33.951114,0
                -118.450677,33.955666,0
                -118.455822,33.96263,0
                -118.460611,33.969111,0
                -118.468641,33.978354,0
                -118.47307,33.983453,0
                -118.4766,33.987517,0
                -118.483467,33.99542,0
                -118.484998,33.997183,0
                -118.485543,33.997744,0
                -118.487552,33.99981,0
                -118.487584,33.999844,0
                -118.493115,34.005533,0
                -118.495125,34.0076,0
                -118.502813,34.015509,0
                -118.502826,34.015518,0
                -118.509619,34.020399,0
                -118.516878,34.025615,0
                -118.519514,34.027509,0
                -118.519727,34.027608,0
                -118.536114,34.035245,0
                -118.543115,34.038508,0
                -118.549076,34.040201,0
                -118.554891,34.037762,0
                -118.555873,34.038172,0
                -118.562149,34.04079,0
                -118.567141,34.041389,0
                -118.567374,34.041417,0
                -118.567986,34.04149,0
                -118.569235,34.04164,0
                -118.569735,34.041498,0
                -118.574725,34.040081,0
                -118.575908,34.039745,0
                -118.579253,34.039799,0
                -118.579737,34.039807,0
                -118.583902,34.037475,0
                -118.584351,34.037595,0
                -118.592815,34.03986,0
                -118.603572,34.039048,0
                -118.609652,34.036424,0
                -118.617338,34.037599,0
                -118.622757,34.038428,0
                -118.623493,34.038154,0
                -118.626946,34.036868,0
                -118.63525,34.036302,0
                -118.635921,34.036256,0
                -118.636314,34.036229,0
                -118.636464,34.036263,0
                -118.643847,34.03793,0
                -118.649901,34.037531,0
                -118.657381,34.038551,0
                -118.668358,34.038887,0
                -118.66856,34.038847,0
                -118.67543,34.037479,0
                -118.677696,34.03614,0
                -118.678849,34.03311,0
                -118.683183,34.030723,0
                -118.690213,34.032245,0
                -118.697388,34.032519,0
                -118.706215,34.029383,0
                -118.714155,34.031255,0
                -118.714468,34.031329,0
                -118.719236,34.031107,0
                -118.719538,34.031093,0
                -118.732391,34.032743,0
                -118.744952,34.032103,0
                -118.748231,34.031203,0
                -118.749892,34.030747,0
                -118.752339,34.030076,0
                -118.756402,34.025719,0
                -118.767741,34.025231,0
                -118.779057,34.022571,0
                -118.783433,34.021543,0
                -118.787075,34.019555,0
                -118.787094,34.019545,0
                -118.787096,34.019543,0
                -118.787138,34.019486,0
                -118.791916,34.013071,0
                -118.793331,34.011171,0
                -118.794289,34.007413,0
                -118.800541,34.006712,0
                -118.803753,34.004473,0
                -118.805114,34.001239,0
                -118.806367,34.000198,0
                -118.808901,34.001622,0
                -118.809114,34.001829,0
                -118.82142,34.013804,0
                -118.821558,34.013939,0
                -118.821579,34.013959,0
                -118.821958,34.014233,0
                -118.836822,34.024959,0
                -118.84038,34.027527,0
                -118.842678,34.028883,0
                -118.8467,34.031257,0
                -118.854653,34.034215,0
                -118.859205,34.035309,0
                -118.862499,34.034554,0
                -118.874853,34.037648,0
                -118.882023,34.0381,0
                -118.895628,34.039165,0
                -118.896159,34.039207,0
                -118.905781,34.041488,0
                -118.915968,34.041753,0
                -118.921269,34.044475,0
                -118.928048,34.045847,0
                -118.931549,34.045536,0
                -118.93481,34.043507,0
                -118.938081,34.043383,0
                -118.944862,34.045418,0
                -118.944502,34.046563,0
                -118.946823,34.046006,0
                -118.954722,34.048167,0
                -118.958598,34.051032,0
                -118.964534,34.052206,0
                -118.970007,34.056743,0
                -118.977751,34.059822,0
                -118.983303,34.060334,0
                -118.987631,34.062967,0
                -118.99698,34.065943,0
                -119.004644,34.066231,0
                -119.008981,34.066793,0
                -119.016039,34.070769,0
                -119.037494,34.083111,0
                -119.046502,34.084934,0
                -119.052086,34.08423,0
                -119.056278,34.085638,0
                -119.061217,34.085387,0
                -119.061627,34.085625,0
                -119.069959,34.09047,0
                -119.085994,34.099266,0
                -119.098116,34.099856,0
                -119.108812,34.09592,0
                -119.115942,34.096904,0
                -119.129252,34.10084,0
                -119.14266,34.108414,0
                -119.159554,34.119654,0
                -119.159618,34.119697,0
                -119.177988,34.131918,0
                -119.18864,34.139005,0
                -119.20314,34.144505,0
                -119.211241,34.144905,0
                -119.215992,34.146001,0
                -119.216062,34.146017,0
                -119.216441,34.146105,0
                -119.225268,34.158307,0
                -119.225619,34.158791,0
                -119.226088,34.159441,0
                -119.227743,34.161728,0
                -119.235386,34.173175,0
                -119.237142,34.175804,0
                -119.248613,34.197419,0
                -119.257043,34.213304,0
                -119.264254,34.227492,0
                -119.265927,34.234609,0
                -119.265935,34.234691,0
                -119.266064,34.236064,0
                -119.266453,34.240198,0
                -119.269071,34.249209,0
                -119.270144,34.252903,0
                -119.273694,34.25875,0
                -119.278644,34.266902,0
                -119.285555,34.271397,0
                -119.290945,34.274902,0
                -119.295256,34.275268,0
                -119.302131,34.272761,0
                -119.307617,34.274696,0
                -119.312323,34.276356,0
                -119.317042,34.280285,0
                -119.320164,34.282884,0
                -119.322477,34.283912,0
                -119.337475,34.290576,0
                -119.349187,34.304383,0
                -119.370356,34.319486,0
                -119.37578,34.321118,0
                -119.388249,34.317398,0
                -119.390449,34.318198,0
                -119.405522,34.334221,0
                -119.410695,34.337355,0
                -119.42777,34.353016,0
                -119.431066,34.355297,0
                -119.435888,34.355839,0
                -119.443418,34.355994,0
                -119.451304,34.365501,0
                -119.461036,34.374064,0
                -119.467751,34.37572,0
                -119.472678,34.375628,0
                -119.476528,34.374106,0
                -119.47598,34.375104,0
                -119.47818,34.376532,0
                -119.477837,34.379417,0
                -119.47863,34.373275,0
                -119.483395,34.380046,0
                -119.486135,34.380983,0
                -119.489662,34.382189,0
                -119.497339,34.384814,0
                -119.502477,34.384527,0
                -119.504046,34.384439,0
                -119.504217,34.384487,0
                -119.510649,34.386293,0
                -119.510655,34.386295,0
                -119.5188,34.389282,0
                -119.523563,34.393188,0
                -119.529208,34.395157,0
                -119.53123,34.395862,0
                -119.5369,34.395919,0
                -119.545683,34.403484,0
                -119.547635,34.405166,0
                -119.559459,34.413395,0
                -119.563986,34.41532,0
                -119.566715,34.41465,0
                -119.568473,34.414218,0
                -119.568916,34.414122,0
                -119.576247,34.41254,0
                -119.576648,34.412646,0
                -119.582091,34.414081,0
                -119.590177,34.417998,0
                -119.593439,34.418487,0
                -119.606513,34.420445,0
                -119.610575,34.420661,0
                -119.612171,34.420746,0
                -119.61235,34.420755,0
                -119.615124,34.420903,0
                -119.616862,34.420995,0
                -119.617603,34.420556,0
                -119.618811,34.419839,0
                -119.619827,34.419237,0
                -119.62089,34.418606,0
                -119.629568,34.419661,0
                -119.633998,34.416868,0
                -119.638864,34.415696,0
                -119.648664,34.417396,0
                -119.65906,34.416814,0
                -119.671866,34.416096,0
                -119.676262,34.415126,0
                -119.680857,34.414111,0
                -119.688167,34.412497,0
                -119.686357,34.410326,0
                -119.684666,34.408297,0
                -119.691749,34.403154,0
                -119.696532,34.402486,0
                -119.699921,34.402013,0
                -119.70162,34.398733,0
                -119.709067,34.395397,0
                -119.713848,34.395716,0
                -119.719261,34.396078,0
                -119.723177,34.395861,0
                -119.724638,34.39578,0
                -119.727738,34.395857,0
                -119.729369,34.395897,0
                -119.731301,34.396851,0
                -119.74112,34.401701,0
                -119.742989,34.402215,0
                -119.74547,34.402898,0
                -119.750414,34.40375,0
                -119.755761,34.405597,0
                -119.755913,34.405649,0
                -119.785871,34.415997,0
                -119.786255,34.416111,0
                -119.793567,34.418289,0
                -119.802363,34.417988,0
                -119.807055,34.416497,0
                -119.815195,34.4167,0
                -119.825178,34.417112,0
                -119.825305,34.417096,0
                -119.835771,34.415796,0
                -119.836274,34.415598,0
                -119.838604,34.414679,0
                -119.84039,34.413975,0
                -119.841868,34.409275,0
                -119.844485,34.404301,0
                -119.84497,34.404494,0
                -119.852873,34.407639,0
                -119.853771,34.407996,0
                -119.853777,34.407996,0
                -119.8539,34.408001,0
                -119.858774,34.408194,0
                -119.862596,34.408345,0
                -119.872888,34.408752,0
                -119.873971,34.408795,0
                -119.878199,34.406913,0
                -119.881164,34.409601,0
                -119.881625,34.410018,0
                -119.885301,34.41335,0
                -119.888942,34.416651,0
                -119.891786,34.419229,0
                -119.8922,34.419604,0
                -119.899166,34.420821,0
                -119.899599,34.421076,0
                -119.911966,34.428363,0
                -119.915497,34.430444,0
                -119.919358,34.431828,0
                -119.921943,34.432754,0
                -119.925227,34.433931,0
                -119.929546,34.43461,0
                -119.936489,34.435701,0
                -119.949696,34.434476,0
                -119.956433,34.435288,0
                -119.971951,34.444641,0
                -119.984899,34.45083,0
                -119.990033,34.449837,0
                -119.997686,34.455394,0
                -120.008077,34.460447,0
                -120.019453,34.46117,0
                -120.021444,34.458584,0
                -120.02254,34.458431,0
                -120.023641,34.458277,0
                -120.031989,34.461695,0
                -120.038828,34.463434,0
                -120.050682,34.461651,0
                -120.060036,34.461429,0
                -120.071061,34.46255,0
                -120.072592,34.460817,0
                -120.088591,34.460208,0
                -120.097212,34.461809,0
                -120.118411,34.469927,0
                -120.133296,34.47294,0
                -120.141165,34.473405,0
                -120.151562,34.473275,0
                -120.163142,34.471831,0
                -120.168774,34.469732,0
                -120.174878,34.470693,0
                -120.183505,34.470372,0
                -120.225498,34.470587,0
                -120.226813,34.470454,0
                -120.234252,34.469701,0
                -120.238002,34.468098,0
                -120.25777,34.467451,0
                -120.283001,34.468354,0
                -120.295051,34.470623,0
                -120.299169,34.469731,0
                -120.301822,34.467077,0
                -120.322198,34.463372,0
                -120.335001,34.462589,0
                -120.337091,34.459686,0
                -120.341369,34.458789,0
                -120.350546,34.458148,0
                -120.354602,34.457864,0
                -120.36551,34.457102,0
                -120.406781,34.455338,0
                -120.417223,34.452986,0
                -120.417284,34.452972,0
                -120.421541,34.450401,0
                -120.426105,34.449924,0
                -120.441975,34.451512,0
                -120.451425,34.447094,0
                -120.452811,34.442442,0
                -120.459245,34.445342,0
                -120.463264,34.448676,0
                -120.471376,34.447846,0
                -123,34.44859,0
              </coordinates>
            </LinearRing>
          </outerBoundaryIs>
        </Polygon>
      </Placemark>
    </Folder>
    <Folder>
      <name>Marlin Club Boundaries</name>
      <Placemark>
        <name>ILTT Competition Boundary</name>
        <styleUrl>#poly-93D7E8-1401-38-nodesc</styleUrl>
        <Polygon>
          <outerBoundaryIs>
            <LinearRing>
              <tessellate>1</tessellate>
              <coordinates>
                -117.23,34.082367,0
                -117.349753,34.078846,0
                -117.468922,34.068298,0
                -117.586927,34.050776,0
                -117.703194,34.026364,0
                -117.817155,33.995183,0
                -117.928255,33.957383,0
                -118.035954,33.913148,0
                -118.139726,33.862695,0
                -118.239066,33.806269,0
                -118.33349,33.744145,0
                -118.422538,33.676626,0
                -118.505776,33.60404,0
                -118.582799,33.526742,0
                -118.65323,33.445107,0
                -118.716728,33.359534,0
                -118.772983,33.270439,0
                -118.821721,33.178256,0
                -118.862703,33.083436,0
                -118.895732,32.986439,0
                -118.920645,32.887737,0
                -118.937322,32.787813,0
                -118.94568,32.687153,0
                -118.94568,32.586247,0
                -118.937322,32.485587,0
                -118.920645,32.385663,0
                -118.895732,32.286961,0
                -118.862703,32.189964,0
                -118.821721,32.095144,0
                -118.772983,32.002961,0
                -118.716728,31.913866,0
                -118.65323,31.828293,0
                -118.582799,31.746658,0
                -118.505776,31.66936,0
                -118.422538,31.596774,0
                -118.33349,31.529255,0
                -118.239066,31.467131,0
                -118.139726,31.410705,0
                -118.035954,31.360252,0
                -117.928255,31.316017,0
                -117.817155,31.278217,0
                -117.703194,31.247036,0
                -117.586927,31.222624,0
                -117.468922,31.205102,0
                -117.349753,31.194554,0
                -117.23,31.191033,0
                -117.110247,31.194554,0
                -116.991078,31.205102,0
                -116.873073,31.222624,0
                -116.756806,31.247036,0
                -116.642845,31.278217,0
                -116.531745,31.316017,0
                -116.424046,31.360252,0
                -116.320274,31.410705,0
                -116.220934,31.467131,0
                -116.12651,31.529255,0
                -116.037462,31.596774,0
                -115.954224,31.66936,0
                -115.877201,31.746658,0
                -115.80677,31.828293,0
                -115.743272,31.913866,0
                -115.687017,32.002961,0
                -115.638279,32.095144,0
                -115.597297,32.189964,0
                -115.564268,32.286961,0
                -115.539355,32.385663,0
                -115.522678,32.485587,0
                -115.51432,32.586247,0
                -115.51432,32.687153,0
                -115.522678,32.787813,0
                -115.539355,32.887737,0
                -115.564268,32.986439,0
                -115.597297,33.083436,0
                -115.638279,33.178256,0
                -115.687017,33.270439,0
                -115.743272,33.359534,0
                -115.80677,33.445107,0
                -115.877201,33.526742,0
                -115.954224,33.60404,0
                -116.037462,33.676626,0
                -116.12651,33.744145,0
                -116.220934,33.806269,0
                -116.320274,33.862695,0
                -116.424046,33.913148,0
                -116.531745,33.957383,0
                -116.642845,33.995183,0
                -116.756806,34.026364,0
                -116.873073,34.050776,0
                -116.991078,34.068298,0
                -117.110247,34.078846,0
                -117.23,34.082367,0
              </coordinates>
            </LinearRing>
          </outerBoundaryIs>
        </Polygon>
      </Placemark>
    </Folder>
    <Folder>
      <name>Cowcod Conservation Area</name>
      <Placemark>
        <name>Area 1.1</name>
        <styleUrl>#icon-503-009D57-labelson-nodesc</styleUrl>
        <Point>
          <coordinates>
            -119.5,33.8333,0
          </coordinates>
        </Point>
      </Placemark>
      <Placemark>
        <name>Area 1.2</name>
        <styleUrl>#icon-503-009D57-labelson-nodesc</styleUrl>
        <Point>
          <coordinates>
            -118.8333,33.8333,0
          </coordinates>
        </Point>
      </Placemark>
      <Placemark>
        <name>Area 1.3</name>
        <styleUrl>#icon-503-009D57-labelson-nodesc</styleUrl>
        <Point>
          <coordinates>
            -118.8333,32.3333,0
          </coordinates>
        </Point>
      </Placemark>
      <Placemark>
        <name>Area 1.4</name>
        <styleUrl>#icon-503-009D57-labelson-nodesc</styleUrl>
        <Point>
          <coordinates>
            -119.6167,32.3333,0
          </coordinates>
        </Point>
      </Placemark>
      <Placemark>
        <name>Area 1.5</name>
        <styleUrl>#icon-503-009D57-labelson-nodesc</styleUrl>
        <Point>
          <coordinates>
            -119.6167,33,0
          </coordinates>
        </Point>
      </Placemark>
      <Placemark>
        <name>Area 1.6</name>
        <styleUrl>#icon-503-009D57-labelson-nodesc</styleUrl>
        <Point>
          <coordinates>
            -119.8833,33,0
          </coordinates>
        </Point>
      </Placemark>
      <Placemark>
        <name>Area 1.7</name>
        <styleUrl>#icon-503-009D57-labelson-nodesc</styleUrl>
        <Point>
          <coordinates>
            -119.8833,33.55,0
          </coordinates>
        </Point>
      </Placemark>
      <Placemark>
        <name>Area 1.8</name>
        <styleUrl>#icon-503-009D57-labelson-nodesc</styleUrl>
        <Point>
          <coordinates>
            -119.5,33.55,0
          </coordinates>
        </Point>
      </Placemark>
      <Placemark>
        <name>Area 2.1</name>
        <styleUrl>#icon-503-7CCFA9-labelson-nodesc</styleUrl>
        <Point>
          <coordinates>
            -118.0333,32.7,0
          </coordinates>
        </Point>
      </Placemark>
      <Placemark>
        <name>Area 2.2</name>
        <styleUrl>#icon-503-7CCFA9-labelson-nodesc</styleUrl>
        <Point>
          <coordinates>
            -117.8333,32.7,0
          </coordinates>
        </Point>
      </Placemark>
      <Placemark>
        <name>Area 2.3</name>
        <styleUrl>#icon-503-7CCFA9-labelson-nodesc</styleUrl>
        <Point>
          <coordinates>
            -117.8333,32.6117,0
          </coordinates>
        </Point>
      </Placemark>
      <Placemark>
        <name>Area 2.4</name>
        <styleUrl>#icon-503-7CCFA9-labelson-nodesc</styleUrl>
        <Point>
          <coordinates>
            -117.8917,32.5,0
          </coordinates>
        </Point>
      </Placemark>
      <Placemark>
        <name>Area 2.5</name>
        <styleUrl>#icon-503-7CCFA9-labelson-nodesc</styleUrl>
        <Point>
          <coordinates>
            -118.0333,32.5,0
          </coordinates>
        </Point>
      </Placemark>
      <Placemark>
        <name>Cowcod Conservation Area #1</name>
        <styleUrl>#poly-009D57-1000-79-nodesc</styleUrl>
        <Polygon>
          <outerBoundaryIs>
            <LinearRing>
              <tessellate>1</tessellate>
              <coordinates>
                -119.5,33.8333,0
                -119.5,33.55,0
                -119.8833,33.55,0
                -119.8833,33,0
                -119.6167,33,0
                -119.6167,32.3333,0
                -118.8333,32.3333,0
                -118.8333,33.8333,0
                -119.5,33.8333,0
              </coordinates>
            </LinearRing>
          </outerBoundaryIs>
        </Polygon>
      </Placemark>
      <Placemark>
        <name>Cowcod Conservation Area #2</name>
        <styleUrl>#poly-7CCFA9-1000-87-nodesc</styleUrl>
        <Polygon>
          <outerBoundaryIs>
            <LinearRing>
              <tessellate>1</tessellate>
              <coordinates>
                -118.0333,32.7,0
                -118.0333,32.5,0
                -117.8719,32.5,0
                -117.8333,32.6117,0
                -117.8333,32.7,0
                -118.0333,32.7,0
              </coordinates>
            </LinearRing>
          </outerBoundaryIs>
        </Polygon>
      </Placemark>
    </Folder>
    <Folder>
      <name>Yellowtail Derby Boundaries</name>
      <Placemark>
        <name>Orange County Line
</name>
        <styleUrl>#icon-503-F4EB37-nodesc</styleUrl>
        <Point>
          <coordinates>
            -117.5956193,33.386484,0
          </coordinates>
        </Point>
      </Placemark>
      <Placemark>
        <name>Yellowtail Derby Competition Boundary
</name>
        <styleUrl>#poly-F9F7A6-1200-18-nodesc</styleUrl>
        <Polygon>
          <outerBoundaryIs>
            <LinearRing>
              <tessellate>1</tessellate>
              <coordinates>
                -117.5955332,33.3864119,0
                -118.1022135,33.3864079,0
                -118.1022135,32.6650479,0
                -118.1022135,31.9427679,0
                -117.2425642,31.9427679,0
                -116.7571046,31.9427679,0
                -116.7597743,31.9580271,0
                -116.7703425,31.9721202,0
                -116.8006414,31.9820269,0
                -116.8247197,31.9759102,0
                -116.8487987,31.9849324,0
                -116.8736219,32.0053034,0
                -116.887469,32.0338231,0
                -116.8793957,32.0658561,0
                -116.8866279,32.0831334,0
                -116.8856225,32.1283339,0
                -116.8998627,32.1584573,0
                -116.9113617,32.1664886,0
                -116.916754,32.2095697,0
                -116.9303937,32.2410302,0
                -117.0221904,32.2692169,0
                -117.0393809,32.2827008,0
                -117.0576793,32.3351916,0
                -117.0986245,32.4158692,0
                -117.1025449,32.4397348,0
                -117.1160819,32.4520094,0
                -117.1249858,32.4814614,0
                -117.1243641,32.5405357,0
                -117.1270414,32.5517028,0
                -117.1298909,32.5557073,0
                -117.1319853,32.5602439,0
                -117.1332738,32.5695262,0
                -117.1327599,32.5790978,0
                -117.1331055,32.5979517,0
                -117.1393783,32.6269819,0
                -117.1628769,32.6651801,0
                -117.1742461,32.6741968,0
                -117.1873792,32.6838869,0
                -117.1965098,32.6859414,0
                -117.2047822,32.6865506,0
                -117.213979,32.6865211,0
                -117.2233472,32.6831679,0
                -117.237412,32.6676698,0
                -117.237854,32.666873,0
                -117.2390041,32.6657871,0
                -117.2407999,32.6653676,0
                -117.241995,32.6651287,0
                -117.2427608,32.6646008,0
                -117.2447443,32.6664393,0
                -117.2449869,32.6680623,0
                -117.2447145,32.6685653,0
                -117.2448563,32.6690114,0
                -117.2453093,32.6691233,0
                -117.2454619,32.66947,0
                -117.2455143,32.6736025,0
                -117.2461032,32.6742128,0
                -117.2496397,32.6821627,0
                -117.2555018,32.700448,0
                -117.2563871,32.7193111,0
                -117.2546552,32.7817539,0
                -117.2582062,32.7956999,0
                -117.2656732,32.8045576,0
                -117.2706854,32.8071594,0
                -117.2756686,32.8124619,0
                -117.2755022,32.8180529,0
                -117.2793953,32.8191041,0
                -117.2819152,32.8204438,0
                -117.2805925,32.8273202,0
                -117.2823598,32.8331869,0
                -117.2819853,32.8370964,0
                -117.28217,32.839547,0
                -117.28117,32.843047,0
                -117.2790403,32.8447709,0
                -117.2788627,32.8474576,0
                -117.2767967,32.848666,0
                -117.2737842,32.8513749,0
                -117.2671946,32.8490093,0
                -117.2651542,32.8489509,0
                -117.2606194,32.8540187,0
                -117.2574145,32.8596272,0
                -117.2544352,32.8663559,0
                -117.2515842,32.8742739,0
                -117.2571039,32.8874622,0
                -117.2561008,32.9003622,0
                -117.2578408,32.9105014,0
                -117.2623281,32.919776,0
                -117.2608382,32.9235844,0
                -117.2634682,32.9360381,0
                -117.2658104,32.9461044,0
                -117.2683543,32.9482887,0
                -117.2712419,32.9588278,0
                -117.2705258,32.9693671,0
                -117.27599,32.9799064,0
                -117.2773774,32.9946199,0
                -117.2797879,32.9980894,0
                -117.2808254,33.0081815,0
                -117.2822138,33.013393,0
                -117.2853191,33.0188922,0
                -117.2921863,33.0336878,0
                -117.2964794,33.0343933,0
                -117.2980259,33.0376891,0
                -117.301022,33.0503948,0
                -117.3096851,33.0744679,0
                -117.3278623,33.1173444,0
                -117.3446801,33.1441149,0
                -117.3968221,33.2073159,0
                -117.4916908,33.3183836,0
                -117.537541,33.3575368,0
                -117.5955332,33.3864119,0
              </coordinates>
            </LinearRing>
          </outerBoundaryIs>
        </Polygon>
      </Placemark>
      <Placemark>
        <name>50 Miles South of Point Loma Light (Coast)
</name>
        <styleUrl>#icon-503-F4EB37-nodesc</styleUrl>
        <Point>
          <coordinates>
            -116.75719,31.94284,0
          </coordinates>
        </Point>
      </Placemark>
      <Placemark>
        <name>New Point Loma Lighthouse</name>
        <styleUrl>#icon-503-F4EB37-nodesc</styleUrl>
        <Point>
          <coordinates>
            -117.2426581,32.6651294,0
          </coordinates>
        </Point>
      </Placemark>
      <Placemark>
        <name>50 Miles West of Point Loma Light</name>
        <styleUrl>#icon-503-F4EB37-nodesc</styleUrl>
        <Point>
          <coordinates>
            -118.1023,32.66512,0
          </coordinates>
        </Point>
      </Placemark>
      <Placemark>
        <name><![CDATA[50 Miles South & 50 Miles West of Point Loma Light]]></name>
        <styleUrl>#icon-503-F4EB37-nodesc</styleUrl>
        <Point>
          <coordinates>
            -118.1023,31.94284,0
          </coordinates>
        </Point>
      </Placemark>
      <Placemark>
        <name>50 Miles South of Point Loma Light</name>
        <styleUrl>#icon-503-F4EB37-nodesc</styleUrl>
        <Point>
          <coordinates>
            -117.24265,31.94284,0
          </coordinates>
        </Point>
      </Placemark>
      <Placemark>
        <name>50 Miles West of Orange County Line
</name>
        <styleUrl>#icon-503-F4EB37-nodesc</styleUrl>
        <Point>
          <coordinates>
            -118.1023,33.38648,0
          </coordinates>
        </Point>
      </Placemark>
    </Folder>
    <Folder>
      <name>Marine Life Protected Areas</name>
      <Placemark>
        <name>Cabrillo SMR</name>
        <description><![CDATA[State Marine Reserve (SMR) 	<br>An MPA designation that prohibits damage or take of all marine resources (living, geologic, or cultural) including recreational and commercial take.]]></description>
        <styleUrl>#poly-DB4436-2000-38</styleUrl>
        <Polygon>
          <outerBoundaryIs>
            <LinearRing>
              <tessellate>1</tessellate>
              <coordinates>
                -117.247,32.6767,0
                -117.25,32.6767,0
                -117.25,32.6617,0
                -117.2383,32.6617,0
                -117.2383,32.6667,0
                -117.242847,32.664673,0
                -117.244852,32.667267,0
                -117.245826,32.671808,0
                -117.247,32.6767,0
              </coordinates>
            </LinearRing>
          </outerBoundaryIs>
        </Polygon>
      </Placemark>
      <Placemark>
        <name>Tijuana River Mouth SMCA</name>
        <description><![CDATA[State Marine Conservation Area (SMCA)  <br>An MPA designation that may allow some recreational and/or commercial take of marine resources (restrictions vary).]]></description>
        <styleUrl>#poly-4186F0-2000-38</styleUrl>
        <Polygon>
          <outerBoundaryIs>
            <LinearRing>
              <tessellate>1</tessellate>
              <coordinates>
                -117.133,32.5667,0
                -117.15,32.5667,0
                -117.15,32.5328,0
                -117.1238,32.5344,0
                -117.1270514,32.5513517,0
                -117.1301797,32.5561737,0
                -117.132071,32.560316,0
                -117.132519,32.5640058,0
                -117.1329313,32.5657146,0
                -117.133,32.5667,0
              </coordinates>
            </LinearRing>
          </outerBoundaryIs>
        </Polygon>
      </Placemark>
      <Placemark>
        <name>Famousa Slough SMCA (No-Take)</name>
        <description><![CDATA[State Marine Conservation Area (No-Take)  <br>An MPA designation that generally prohibits the take of living, geological, and cultural marine resources, but allows potentially affected and ongoing permitted activities such as dredging and maintenance to continue.]]></description>
        <styleUrl>#icon-1125-labelson</styleUrl>
        <Point>
          <coordinates>
            -117.2292,32.7572,0
          </coordinates>
        </Point>
      </Placemark>
      <Placemark>
        <name>South La Jolla SMCA</name>
        <description><![CDATA[State Marine Conservation Area (SMCA)  <br>An MPA designation that may allow some recreational and/or commercial take of marine resources (restrictions vary).]]></description>
        <styleUrl>#poly-4186F0-2000-38</styleUrl>
        <Polygon>
          <outerBoundaryIs>
            <LinearRing>
              <tessellate>1</tessellate>
              <coordinates>
                -117.3167,32.8262,0
                -117.3421,32.8262,0
                -117.3345,32.7991,0
                -117.3167,32.7991,0
                -117.3167,32.8262,0
              </coordinates>
            </LinearRing>
          </outerBoundaryIs>
        </Polygon>
      </Placemark>
      <Placemark>
        <name>South La Jolla SMR</name>
        <description><![CDATA[State Marine Reserve (SMR)  <br>An MPA designation that prohibits damage or take of all marine resources (living, geologic, or cultural) including recreational and commercial take.]]></description>
        <styleUrl>#poly-DB4436-2000-99</styleUrl>
        <Polygon>
          <outerBoundaryIs>
            <LinearRing>
              <tessellate>1</tessellate>
              <coordinates>
                -117.2797,32.8262,0
                -117.3167,32.8262,0
                -117.3167,32.7991,0
                -117.2583,32.7991,0
                -117.264028,32.807074,0
                -117.267842,32.807809,0
                -117.271825,32.81329,0
                -117.2741278,32.8145204,0
                -117.2738377,32.8170825,0
                -117.274921,32.8183463,0
                -117.2784511,32.8198975,0
                -117.2813418,32.8206395,0
                -117.280971,32.822247,0
                -117.2797,32.8262,0
              </coordinates>
            </LinearRing>
          </outerBoundaryIs>
        </Polygon>
      </Placemark>
      <Placemark>
        <name>Matlahuayl SMR</name>
        <description><![CDATA[State Marine Reserve (SMR)  <br>An MPA designation that prohibits damage or take of all marine resources (living, geologic, or cultural) including recreational and commercial take.]]></description>
        <styleUrl>#poly-DB4436-2000-38</styleUrl>
        <Polygon>
          <outerBoundaryIs>
            <LinearRing>
              <tessellate>1</tessellate>
              <coordinates>
                -117.2542,32.8661,0
                -117.2733,32.8661,0
                -117.2733,32.8511,0
                -117.2677617,32.8487257,0
                -117.2663658,32.8487642,0
                -117.26497,32.848947,0
                -117.2612142,32.8524346,0
                -117.2597711,32.8546341,0
                -117.2563694,32.8598981,0
                -117.2542,32.8661,0
              </coordinates>
            </LinearRing>
          </outerBoundaryIs>
        </Polygon>
      </Placemark>
      <Placemark>
        <name>San Diego-Scripps Costal SMCA</name>
        <description><![CDATA[State Marine Conservation Area (SMCA)  <br>An MPA designation that may allow some recreational and/or commercial take of marine resources (restrictions vary).]]></description>
        <styleUrl>#poly-4186F0-2000-38</styleUrl>
        <Polygon>
          <outerBoundaryIs>
            <LinearRing>
              <tessellate>1</tessellate>
              <coordinates>
                -117.2528,32.8833,0
                -117.2733,32.8833,0
                -117.2733,32.8661,0
                -117.2542,32.8661,0
                -117.2545331,32.8671883,0
                -117.2532355,32.8713043,0
                -117.25167,32.874346,0
                -117.2516547,32.8786286,0
                -117.2520128,32.8810724,0
                -117.2528,32.8833,0
              </coordinates>
            </LinearRing>
          </outerBoundaryIs>
        </Polygon>
      </Placemark>
    </Folder>
    <Folder>
      <name>Fishing Spots</name>
      <Placemark>
        <name>#1 Spot</name>
        <description>Laguna Beach</description>
        <styleUrl>#icon-503-DB4436</styleUrl>
        <Point>
          <coordinates>
            -117.8562,33.5752,0
          </coordinates>
        </Point>
      </Placemark>
      <Placemark>
        <name>1 ¼ Spot</name>
        <description>La Jolla</description>
        <styleUrl>#icon-503-DB4436</styleUrl>
        <Point>
          <coordinates>
            -117.3052,32.8338,0
          </coordinates>
        </Point>
      </Placemark>
      <Placemark>
        <name>101</name>
        <description>Fishing Spot</description>
        <styleUrl>#icon-503-DB4436</styleUrl>
        <Point>
          <coordinates>
            -117.25,32.25,0
          </coordinates>
        </Point>
      </Placemark>
      <Placemark>
        <name>1010 Trench</name>
        <description>Fishing Spot</description>
        <styleUrl>#icon-503-DB4436</styleUrl>
        <Point>
          <coordinates>
            -117.7333,31.7639,0
          </coordinates>
        </Point>
      </Placemark>
      <Placemark>
        <name>105 Spot</name>
        <description>Pointe Vincente / LA Harbor / Huntington Beach</description>
        <styleUrl>#icon-503-DB4436</styleUrl>
        <Point>
          <coordinates>
            -118.1965,33.64,0
          </coordinates>
        </Point>
      </Placemark>
      <Placemark>
        <name>1067 Knuckle</name>
        <description>Fishing Spot</description>
        <styleUrl>#icon-503-DB4436</styleUrl>
        <Point>
          <coordinates>
            -117.8833,31.6167,0
          </coordinates>
        </Point>
      </Placemark>
      <Placemark>
        <name>1140 Finger</name>
        <description>Fishing Spot</description>
        <styleUrl>#icon-503-DB4436</styleUrl>
        <Point>
          <coordinates>
            -117.1833,31.3,0
          </coordinates>
        </Point>
      </Placemark>
      <Placemark>
        <name>125</name>
        <description>Fishing Spot</description>
        <styleUrl>#icon-503-DB4436</styleUrl>
        <Point>
          <coordinates>
            -118.7139,33.4833,0
          </coordinates>
        </Point>
      </Placemark>
      <Placemark>
        <name>138 (Middle Of Ridge)</name>
        <description>SWYC Fishing Spot</description>
        <styleUrl>#icon-503-DB4436</styleUrl>
        <Point>
          <coordinates>
            -117.8125,32.78,0
          </coordinates>
        </Point>
      </Placemark>
      <Placemark>
        <name>14 Mile Bank</name>
        <description>Google Maps</description>
        <styleUrl>#icon-503-DB4436</styleUrl>
        <Point>
          <coordinates>
            -118.0034,33.3984,0
          </coordinates>
        </Point>
      </Placemark>
      <Placemark>
        <name>150 Bubbles East</name>
        <description>Pointe Vincente / LA Harbor / Huntington Beach</description>
        <styleUrl>#icon-503-DB4436</styleUrl>
        <Point>
          <coordinates>
            -118.1537,33.5953,0
          </coordinates>
        </Point>
      </Placemark>
      <Placemark>
        <name>150 Bubbles West</name>
        <description>Pointe Vincente / LA Harbor / Huntington Beach</description>
        <styleUrl>#icon-503-DB4436</styleUrl>
        <Point>
          <coordinates>
            -118.183,33.6023,0
          </coordinates>
        </Point>
      </Placemark>
      <Placemark>
        <name>150 Kelp Reef North</name>
        <description>Pointe Vincente / LA Harbor / Huntington Beach</description>
        <styleUrl>#icon-503-DB4436</styleUrl>
        <Point>
          <coordinates>
            -118.1515,33.5947,0
          </coordinates>
        </Point>
      </Placemark>
      <Placemark>
        <name>150 Kelp Reef South</name>
        <description>Pointe Vincente / LA Harbor / Huntington Beach</description>
        <styleUrl>#icon-503-DB4436</styleUrl>
        <Point>
          <coordinates>
            -118.1433,33.58,0
          </coordinates>
        </Point>
      </Placemark>
      <Placemark>
        <name>150 Spot</name>
        <description>Pointe Vincente / LA Harbor / Huntington Beach</description>
        <styleUrl>#icon-503-DB4436</styleUrl>
        <Point>
          <coordinates>
            -118.1625,33.5937,0
          </coordinates>
        </Point>
      </Placemark>
      <Placemark>
        <name>150 Spot Hump</name>
        <description>Pointe Vincente / LA Harbor / Huntington Beach</description>
        <styleUrl>#icon-503-DB4436</styleUrl>
        <Point>
          <coordinates>
            -118.1707,33.5923,0
          </coordinates>
        </Point>
      </Placemark>
      <Placemark>
        <name>152</name>
        <description>Fishing Spot</description>
        <styleUrl>#icon-503-DB4436</styleUrl>
        <Point>
          <coordinates>
            -118.1806,33.2467,0
          </coordinates>
        </Point>
      </Placemark>
      <Placemark>
        <name>157</name>
        <description>Fishing Spot</description>
        <styleUrl>#icon-503-DB4436</styleUrl>
        <Point>
          <coordinates>
            -118.4667,32.3806,0
          </coordinates>
        </Point>
      </Placemark>
      <Placemark>
        <name>17 Fa Spot</name>
        <description>Fishing Spot</description>
        <styleUrl>#icon-503-DB4436</styleUrl>
        <Point>
          <coordinates>
            -119.1622,33.73,0
          </coordinates>
        </Point>
      </Placemark>
      <Placemark>
        <name>170</name>
        <description>Fishing Spot</description>
        <styleUrl>#icon-503-DB4436</styleUrl>
        <Point>
          <coordinates>
            -119.2667,33.7389,0
          </coordinates>
        </Point>
      </Placemark>
      <Placemark>
        <name>172</name>
        <description>Fishing Spot</description>
        <styleUrl>#icon-503-DB4436</styleUrl>
        <Point>
          <coordinates>
            -118.8417,33.5033,0
          </coordinates>
        </Point>
      </Placemark>
      <Placemark>
        <name>175</name>
        <description>Fishing Spot</description>
        <styleUrl>#icon-503-DB4436</styleUrl>
        <Point>
          <coordinates>
            -118.952,33.6142,0
          </coordinates>
        </Point>
      </Placemark>
      <Placemark>
        <name>178</name>
        <description>Fishing Spot</description>
        <styleUrl>#icon-503-DB4436</styleUrl>
        <Point>
          <coordinates>
            -117.4886,32.7,0
          </coordinates>
        </Point>
      </Placemark>
      <Placemark>
        <name>18-20 Fathom Spot Rockfish</name>
        <description>Rocky</description>
        <styleUrl>#icon-503-DB4436</styleUrl>
        <Point>
          <coordinates>
            -118.4387,33.7708,0
          </coordinates>
        </Point>
      </Placemark>
      <Placemark>
        <name>180′ Section Sculpin Hole</name>
        <description>Fishing Spot</description>
        <styleUrl>#icon-503-DB4436</styleUrl>
        <Point>
          <coordinates>
            -117.9988,33.574,0
          </coordinates>
        </Point>
      </Placemark>
      <Placemark>
        <name>181</name>
        <description>Fishing Spot</description>
        <styleUrl>#icon-503-DB4436</styleUrl>
        <Point>
          <coordinates>
            -117.8833,32.9139,0
          </coordinates>
        </Point>
      </Placemark>
      <Placemark>
        <name>182</name>
        <description>SWYC Fishing Spot</description>
        <styleUrl>#icon-503-DB4436</styleUrl>
        <Point>
          <coordinates>
            -117.705,32.6883,0
          </coordinates>
        </Point>
      </Placemark>
      <Placemark>
        <name>1908</name>
        <description>Fishing Spot</description>
        <styleUrl>#icon-503-DB4436</styleUrl>
        <Point>
          <coordinates>
            -121.9333,34.4333,0
          </coordinates>
        </Point>
      </Placemark>
      <Placemark>
        <name>1978</name>
        <description>Fishing Spot</description>
        <styleUrl>#icon-503-DB4436</styleUrl>
        <Point>
          <coordinates>
            -122.05,34.55,0
          </coordinates>
        </Point>
      </Placemark>
      <Placemark>
        <name>209</name>
        <description>SWYC Fishing Spot</description>
        <styleUrl>#icon-503-DB4436</styleUrl>
        <Point>
          <coordinates>
            -117.8667,33.0967,0
          </coordinates>
        </Point>
      </Placemark>
      <Placemark>
        <name>213</name>
        <description>Fishing Spot</description>
        <styleUrl>#icon-503-DB4436</styleUrl>
        <Point>
          <coordinates>
            -117.8633,31.8033,0
          </coordinates>
        </Point>
      </Placemark>
      <Placemark>
        <name>220-220</name>
        <description>SWYC Fishing Spot</description>
        <styleUrl>#icon-503-DB4436</styleUrl>
        <Point>
          <coordinates>
            -117.6417,31.5833,0
          </coordinates>
        </Point>
      </Placemark>
      <Placemark>
        <name>226</name>
        <description>Fishing Spot</description>
        <styleUrl>#icon-503-DB4436</styleUrl>
        <Point>
          <coordinates>
            -117.6333,32.5056,0
          </coordinates>
        </Point>
      </Placemark>
      <Placemark>
        <name>230</name>
        <description>Fishing Spot</description>
        <styleUrl>#icon-503-DB4436</styleUrl>
        <Point>
          <coordinates>
            -116.8467,31.28,0
          </coordinates>
        </Point>
      </Placemark>
      <Placemark>
        <name>230</name>
        <description>Fishing Spot</description>
        <styleUrl>#icon-503-DB4436</styleUrl>
        <Point>
          <coordinates>
            -117.707,32.357,0
          </coordinates>
        </Point>
      </Placemark>
      <Placemark>
        <name>238</name>
        <description>Fishing Spot</description>
        <styleUrl>#icon-503-DB4436</styleUrl>
        <Point>
          <coordinates>
            -117.207,31.557,0
          </coordinates>
        </Point>
      </Placemark>
      <Placemark>
        <name>245</name>
        <description>Fishing Spot</description>
        <styleUrl>#icon-503-DB4436</styleUrl>
        <Point>
          <coordinates>
            -118.4717,31.2911,0
          </coordinates>
        </Point>
      </Placemark>
      <Placemark>
        <name>250</name>
        <description>Fishing Spot</description>
        <styleUrl>#icon-503-DB4436</styleUrl>
        <Point>
          <coordinates>
            -118.3458,31.3122,0
          </coordinates>
        </Point>
      </Placemark>
      <Placemark>
        <name>267 (The Condom)</name>
        <description>Fishing Spot</description>
        <styleUrl>#icon-503-DB4436</styleUrl>
        <Point>
          <coordinates>
            -118.6833,32.5,0
          </coordinates>
        </Point>
      </Placemark>
      <Placemark>
        <name>270</name>
        <description>Fishing Spot</description>
        <styleUrl>#icon-503-DB4436</styleUrl>
        <Point>
          <coordinates>
            -118.5806,33.6833,0
          </coordinates>
        </Point>
      </Placemark>
      <Placemark>
        <name>270 (Redondo Knoll)</name>
        <description>Fishing Spot</description>
        <styleUrl>#icon-503-DB4436</styleUrl>
        <Point>
          <coordinates>
            -117.4833,31.5667,0
          </coordinates>
        </Point>
      </Placemark>
      <Placemark>
        <name>277</name>
        <description>Fishing Spot</description>
        <styleUrl>#icon-503-DB4436</styleUrl>
        <Point>
          <coordinates>
            -118.0889,33.2,0
          </coordinates>
        </Point>
      </Placemark>
      <Placemark>
        <name>279/267</name>
        <description>Fishing Spot</description>
        <styleUrl>#icon-503-DB4436</styleUrl>
        <Point>
          <coordinates>
            -117.8192,33.2967,0
          </coordinates>
        </Point>
      </Placemark>
      <Placemark>
        <name>286</name>
        <description>Fishing Spot</description>
        <styleUrl>#icon-503-DB4436</styleUrl>
        <Point>
          <coordinates>
            -118.6,33.5806,0
          </coordinates>
        </Point>
      </Placemark>
      <Placemark>
        <name>289</name>
        <description>Fishing Spot</description>
        <styleUrl>#icon-503-DB4436</styleUrl>
        <Point>
          <coordinates>
            -118.0972,32.9333,0
          </coordinates>
        </Point>
      </Placemark>
      <Placemark>
        <name>29 Fathom Spot</name>
        <description>San Clemente Island</description>
        <styleUrl>#icon-503-DB4436</styleUrl>
        <Point>
          <coordinates>
            -118.4083,32.7667,0
          </coordinates>
        </Point>
      </Placemark>
      <Placemark>
        <name>295 (Boot)</name>
        <description>SWYC Fishing Spot</description>
        <styleUrl>#icon-503-DB4436</styleUrl>
        <Point>
          <coordinates>
            -117.4333,31.5667,0
          </coordinates>
        </Point>
      </Placemark>
      <Placemark>
        <name><![CDATA[3 V's]]></name>
        <description>Catalina Island - Backside</description>
        <styleUrl>#icon-503-DB4436</styleUrl>
        <Point>
          <coordinates>
            -118.3548,33.309,0
          </coordinates>
        </Point>
      </Placemark>
      <Placemark>
        <name>302</name>
        <description>SWYC Fishing Spot</description>
        <styleUrl>#icon-503-DB4436</styleUrl>
        <Point>
          <coordinates>
            -117.58,32.4483,0
          </coordinates>
        </Point>
      </Placemark>
      <Placemark>
        <name>307</name>
        <description>Fishing Spot</description>
        <styleUrl>#icon-503-DB4436</styleUrl>
        <Point>
          <coordinates>
            -118.5333,33.7917,0
          </coordinates>
        </Point>
      </Placemark>
      <Placemark>
        <name>311</name>
        <description>Fishing Spot</description>
        <styleUrl>#icon-503-DB4436</styleUrl>
        <Point>
          <coordinates>
            -120.25,33.6167,0
          </coordinates>
        </Point>
      </Placemark>
      <Placemark>
        <name>312</name>
        <description>Fishing Spot</description>
        <styleUrl>#icon-503-DB4436</styleUrl>
        <Point>
          <coordinates>
            -117.8083,33.0236,0
          </coordinates>
        </Point>
      </Placemark>
      <Placemark>
        <name>36 Fathom Pinnacle</name>
        <description>Fishing Spot</description>
        <styleUrl>#icon-503-DB4436</styleUrl>
        <Point>
          <coordinates>
            -118.4903,33.7918,0
          </coordinates>
        </Point>
      </Placemark>
      <Placemark>
        <name>37 Fathom Spot</name>
        <description>Fishing Spot</description>
        <styleUrl>#icon-503-DB4436</styleUrl>
        <Point>
          <coordinates>
            -118.4558,33.7967,0
          </coordinates>
        </Point>
      </Placemark>
      <Placemark>
        <name>371</name>
        <description>Fishing Spot</description>
        <styleUrl>#icon-503-DB4436</styleUrl>
        <Point>
          <coordinates>
            -117.5467,32.27,0
          </coordinates>
        </Point>
      </Placemark>
      <Placemark>
        <name>372</name>
        <description>Fishing Spot</description>
        <styleUrl>#icon-503-DB4436</styleUrl>
        <Point>
          <coordinates>
            -118.5408,31.387,0
          </coordinates>
        </Point>
      </Placemark>
      <Placemark>
        <name>378</name>
        <description>Fishing Spot</description>
        <styleUrl>#icon-503-DB4436</styleUrl>
        <Point>
          <coordinates>
            -117.8333,31.9,0
          </coordinates>
        </Point>
      </Placemark>
      <Placemark>
        <name>380 Fathom</name>
        <description>Fishing Spot</description>
        <styleUrl>#icon-503-DB4436</styleUrl>
        <Point>
          <coordinates>
            -117.8333,32.0833,0
          </coordinates>
        </Point>
      </Placemark>
      <Placemark>
        <name>381</name>
        <description>Fishing Spot</description>
        <styleUrl>#icon-503-DB4436</styleUrl>
        <Point>
          <coordinates>
            -118.6083,32.6833,0
          </coordinates>
        </Point>
      </Placemark>
      <Placemark>
        <name>385</name>
        <description>Fishing Spot</description>
        <styleUrl>#icon-503-DB4436</styleUrl>
        <Point>
          <coordinates>
            -117.2639,31.6,0
          </coordinates>
        </Point>
      </Placemark>
      <Placemark>
        <name>390</name>
        <description>SWYC Fishing Spot</description>
        <styleUrl>#icon-503-DB4436</styleUrl>
        <Point>
          <coordinates>
            -117.82,32.075,0
          </coordinates>
        </Point>
      </Placemark>
      <Placemark>
        <name>40 Fathom Curve</name>
        <description>Fishing Spot</description>
        <styleUrl>#icon-503-DB4436</styleUrl>
        <Point>
          <coordinates>
            -118.4667,33.7808,0
          </coordinates>
        </Point>
      </Placemark>
      <Placemark>
        <name>421</name>
        <description>Fishing Spot</description>
        <styleUrl>#icon-503-DB4436</styleUrl>
        <Point>
          <coordinates>
            -117.8583,32.1167,0
          </coordinates>
        </Point>
      </Placemark>
      <Placemark>
        <name>425</name>
        <description>Fishing Spot</description>
        <styleUrl>#icon-503-DB4436</styleUrl>
        <Point>
          <coordinates>
            -117.3867,32.25,0
          </coordinates>
        </Point>
      </Placemark>
      <Placemark>
        <name>43 (Fathom Spot)</name>
        <description>SWYC Fishing Spot</description>
        <styleUrl>#icon-503-DB4436</styleUrl>
        <Point>
          <coordinates>
            -117.9725,32.655,0
          </coordinates>
        </Point>
      </Placemark>
      <Placemark>
        <name>437</name>
        <description>Fishing Spot</description>
        <styleUrl>#icon-503-DB4436</styleUrl>
        <Point>
          <coordinates>
            -118.2,31.5333,0
          </coordinates>
        </Point>
      </Placemark>
      <Placemark>
        <name>439</name>
        <description>Fishing Spot</description>
        <styleUrl>#icon-503-DB4436</styleUrl>
        <Point>
          <coordinates>
            -117.4,32.4972,0
          </coordinates>
        </Point>
      </Placemark>
      <Placemark>
        <name>450</name>
        <description>Fishing Spot</description>
        <styleUrl>#icon-503-DB4436</styleUrl>
        <Point>
          <coordinates>
            -117.0875,31.4533,0
          </coordinates>
        </Point>
      </Placemark>
      <Placemark>
        <name>47 Fathom Ridge</name>
        <description>Fishing Spot</description>
        <styleUrl>#icon-503-DB4436</styleUrl>
        <Point>
          <coordinates>
            -118.4903,33.7878,0
          </coordinates>
        </Point>
      </Placemark>
      <Placemark>
        <name>474</name>
        <description>Fishing Spot</description>
        <styleUrl>#icon-503-DB4436</styleUrl>
        <Point>
          <coordinates>
            -118.9167,33.1639,0
          </coordinates>
        </Point>
      </Placemark>
      <Placemark>
        <name>475</name>
        <description>Fishing Spot</description>
        <styleUrl>#icon-503-DB4436</styleUrl>
        <Point>
          <coordinates>
            -117.0833,31.6,0
          </coordinates>
        </Point>
      </Placemark>
      <Placemark>
        <name>475 Knuckle</name>
        <description>Fishing Spot</description>
        <styleUrl>#icon-503-DB4436</styleUrl>
        <Point>
          <coordinates>
            -117.1167,32.0667,0
          </coordinates>
        </Point>
      </Placemark>
      <Placemark>
        <name>483 – 500</name>
        <description>Fishing Spot</description>
        <styleUrl>#icon-503-DB4436</styleUrl>
        <Point>
          <coordinates>
            -118.0667,31.4667,0
          </coordinates>
        </Point>
      </Placemark>
      <Placemark>
        <name>499</name>
        <description>Fishing Spot</description>
        <styleUrl>#icon-503-DB4436</styleUrl>
        <Point>
          <coordinates>
            -118.7417,33.275,0
          </coordinates>
        </Point>
      </Placemark>
      <Placemark>
        <name>5 Tanks</name>
        <description>Fishing Spot</description>
        <styleUrl>#icon-503-DB4436</styleUrl>
        <Point>
          <coordinates>
            -117.2693,32.6812,0
          </coordinates>
        </Point>
      </Placemark>
      <Placemark>
        <name>5-Minute Kelp</name>
        <description>Kelp</description>
        <styleUrl>#icon-503-DB4436</styleUrl>
        <Point>
          <coordinates>
            -117.2253,32.3823,0
          </coordinates>
        </Point>
      </Placemark>
      <Placemark>
        <name>51 (Banda Bank)</name>
        <description>SWYC Fishing Spot</description>
        <styleUrl>#icon-503-DB4436</styleUrl>
        <Point>
          <coordinates>
            -116.8333,31.6167,0
          </coordinates>
        </Point>
      </Placemark>
      <Placemark>
        <name>52</name>
        <description>Fishing Spot</description>
        <styleUrl>#icon-503-DB4436</styleUrl>
        <Point>
          <coordinates>
            -116.5708,31.1136,0
          </coordinates>
        </Point>
      </Placemark>
      <Placemark>
        <name>60</name>
        <description>Fishing Spot</description>
        <styleUrl>#icon-503-DB4436</styleUrl>
        <Point>
          <coordinates>
            -116.7695,31.3847,0
          </coordinates>
        </Point>
      </Placemark>
      <Placemark>
        <name>60 Fathom Curve - Rockfish</name>
        <description>Rocky</description>
        <styleUrl>#icon-503-DB4436</styleUrl>
        <Point>
          <coordinates>
            -117.3717,32.7897,0
          </coordinates>
        </Point>
      </Placemark>
      <Placemark>
        <name>60 Mile Bank</name>
        <description>SWYC Fishing Spot</description>
        <styleUrl>#icon-503-DB4436</styleUrl>
        <Point>
          <coordinates>
            -118.2,32.0167,0
          </coordinates>
        </Point>
      </Placemark>
      <Placemark>
        <name>60 Mile Bank (Middle)</name>
        <description>Fishing Spot</description>
        <styleUrl>#icon-503-DB4436</styleUrl>
        <Point>
          <coordinates>
            -118.2472,32.0667,0
          </coordinates>
        </Point>
      </Placemark>
      <Placemark>
        <name>65 (Tip Of Lower Finger)</name>
        <description>SWYC Fishing Spot</description>
        <styleUrl>#icon-503-DB4436</styleUrl>
        <Point>
          <coordinates>
            -116.8333,31.6667,0
          </coordinates>
        </Point>
      </Placemark>
      <Placemark>
        <name>711</name>
        <description>Fishing Spot</description>
        <styleUrl>#icon-503-DB4436</styleUrl>
        <Point>
          <coordinates>
            -119.05,33.1333,0
          </coordinates>
        </Point>
      </Placemark>
      <Placemark>
        <name>81</name>
        <description>Fishing Spot</description>
        <styleUrl>#icon-503-DB4436</styleUrl>
        <Point>
          <coordinates>
            -118.4061,32.7195,0
          </coordinates>
        </Point>
      </Placemark>
      <Placemark>
        <name>86</name>
        <description>SWYC Fishing Spot</description>
        <styleUrl>#icon-503-DB4436</styleUrl>
        <Point>
          <coordinates>
            -118.4567,32.725,0
          </coordinates>
        </Point>
      </Placemark>
      <Placemark>
        <name>9 Mile Bank (N)</name>
        <description>SWYC Fishing Spot</description>
        <styleUrl>#icon-503-DB4436</styleUrl>
        <Point>
          <coordinates>
            -117.4433,32.655,0
          </coordinates>
        </Point>
      </Placemark>
      <Placemark>
        <name>9 Mile Bank (S)</name>
        <description>SWYC Fishing Spot</description>
        <styleUrl>#icon-503-DB4436</styleUrl>
        <Point>
          <coordinates>
            -117.34,32.5267,0
          </coordinates>
        </Point>
      </Placemark>
      <Placemark>
        <name>97</name>
        <description>Fishing Spot</description>
        <styleUrl>#icon-503-DB4436</styleUrl>
        <Point>
          <coordinates>
            -116.8728,31.9667,0
          </coordinates>
        </Point>
      </Placemark>
      <Placemark>
        <name>Abalone Point</name>
        <description>Laguna Beach</description>
        <styleUrl>#icon-503-DB4436</styleUrl>
        <Point>
          <coordinates>
            -117.8218,33.5527,0
          </coordinates>
        </Point>
      </Placemark>
      <Placemark>
        <name>Airplane</name>
        <description>SWYC Fishing Spot</description>
        <styleUrl>#icon-503-DB4436</styleUrl>
        <Point>
          <coordinates>
            -118.1208,31.8015,0
          </coordinates>
        </Point>
      </Placemark>
      <Placemark>
        <name>Albatross Knoll</name>
        <description>Fishing Spot</description>
        <styleUrl>#icon-503-DB4436</styleUrl>
        <Point>
          <coordinates>
            -119.9472,32.9667,0
          </coordinates>
        </Point>
      </Placemark>
      <Placemark>
        <name>Aliso Pipe</name>
        <description>Laguna Beach</description>
        <styleUrl>#icon-503-DB4436</styleUrl>
        <Point>
          <coordinates>
            -117.7588,33.5063,0
          </coordinates>
        </Point>
      </Placemark>
      <Placemark>
        <name>Anderson Pipe</name>
        <description>Fishing Spot</description>
        <styleUrl>#icon-503-DB4436</styleUrl>
        <Point>
          <coordinates>
            -117.335,33.1128,0
          </coordinates>
        </Point>
      </Placemark>
      <Placemark>
        <name>Arch Rock - Half Spot</name>
        <description>Laguna Beach</description>
        <styleUrl>#icon-503-DB4436</styleUrl>
        <Point>
          <coordinates>
            -117.8662,33.5837,0
          </coordinates>
        </Point>
      </Placemark>
      <Placemark>
        <name>Arguello Canyon</name>
        <description>Fishing Spot</description>
        <styleUrl>#icon-503-DB4436</styleUrl>
        <Point>
          <coordinates>
            -121.0667,34.3667,0
          </coordinates>
        </Point>
      </Placemark>
      <Placemark>
        <name>Avalon Bank</name>
        <description>Fishing Spot</description>
        <styleUrl>#icon-503-DB4436</styleUrl>
        <Point>
          <coordinates>
            -118.225,33.4117,0
          </coordinates>
        </Point>
      </Placemark>
      <Placemark>
        <name>Avalon Harbor</name>
        <description>SWYC Fishing Spot</description>
        <styleUrl>#icon-503-DB4436</styleUrl>
        <Point>
          <coordinates>
            -118.3205,33.347,0
          </coordinates>
        </Point>
      </Placemark>
      <Placemark>
        <name>Bajamar</name>
        <description>Fishing Spot</description>
        <styleUrl>#icon-503-DB4436</styleUrl>
        <Point>
          <coordinates>
            -116.8775,32.0083,0
          </coordinates>
        </Point>
      </Placemark>
      <Placemark>
        <name>Banda Bank</name>
        <description>Fishing Spot</description>
        <styleUrl>#icon-503-DB4436</styleUrl>
        <Point>
          <coordinates>
            -116.8667,31.65,0
          </coordinates>
        </Point>
      </Placemark>
      <Placemark>
        <name>Barn Kelp</name>
        <description>Dana Point</description>
        <styleUrl>#icon-503-DB4436</styleUrl>
        <Point>
          <coordinates>
            -117.4855,33.3097,0
          </coordinates>
        </Point>
      </Placemark>
      <Placemark>
        <name>Barrys Spot</name>
        <description>SWYC Fishing Spot</description>
        <styleUrl>#icon-503-DB4436</styleUrl>
        <Point>
          <coordinates>
            -117.2312,32.3507,0
          </coordinates>
        </Point>
      </Placemark>
      <Placemark>
        <name>Bechers Bay (big area)</name>
        <description>Channel Islands - Santa Rosa Island</description>
        <styleUrl>#icon-503-DB4436</styleUrl>
        <Point>
          <coordinates>
            -120,34.0033,0
          </coordinates>
        </Point>
      </Placemark>
      <Placemark>
        <name>Bell Bank</name>
        <description>Fishing Spot</description>
        <styleUrl>#icon-503-DB4436</styleUrl>
        <Point>
          <coordinates>
            -118.93,31.605,0
          </coordinates>
        </Point>
      </Placemark>
      <Placemark>
        <name>Ben Weston</name>
        <description>Catalina Island - Backside</description>
        <styleUrl>#icon-503-DB4436</styleUrl>
        <Point>
          <coordinates>
            -118.4902,33.357,0
          </coordinates>
        </Point>
      </Placemark>
      <Placemark>
        <name>Bend in Pipe</name>
        <description>Fishing Spot</description>
        <styleUrl>#icon-503-DB4436</styleUrl>
        <Point>
          <coordinates>
            -117.9727,33.6145,0
          </coordinates>
        </Point>
      </Placemark>
      <Placemark>
        <name>Big Kelp Reef - BKR</name>
        <description>Santa Monica / Malibu</description>
        <styleUrl>#icon-503-DB4436</styleUrl>
        <Point>
          <coordinates>
            -118.7847,34.019,0
          </coordinates>
        </Point>
      </Placemark>
      <Placemark>
        <name>Bird Rock Reef</name>
        <description>Catalina Island - Frontside</description>
        <styleUrl>#icon-503-DB4436</styleUrl>
        <Point>
          <coordinates>
            -118.4888,33.445,0
          </coordinates>
        </Point>
      </Placemark>
      <Placemark>
        <name>Blue Roof</name>
        <description>Laguna Beach</description>
        <styleUrl>#icon-503-DB4436</styleUrl>
        <Point>
          <coordinates>
            -117.8155,33.5482,0
          </coordinates>
        </Point>
      </Placemark>
      <Placemark>
        <name>Box Canyon</name>
        <description>Dana Point</description>
        <styleUrl>#icon-503-DB4436</styleUrl>
        <Point>
          <coordinates>
            -117.5087,33.3215,0
          </coordinates>
        </Point>
      </Placemark>
      <Placemark>
        <name>Box Canyon #2</name>
        <description>Dana Point</description>
        <styleUrl>#icon-503-DB4436</styleUrl>
        <Point>
          <coordinates>
            -117.5293,33.318,0
          </coordinates>
        </Point>
      </Placemark>
      <Placemark>
        <name>Buccaneer Pipe</name>
        <description>Fishing Spot</description>
        <styleUrl>#icon-503-DB4436</styleUrl>
        <Point>
          <coordinates>
            -117.3783,33.1723,0
          </coordinates>
        </Point>
      </Placemark>
      <Placemark>
        <name>Bull Kelp</name>
        <description>Kelp</description>
        <styleUrl>#icon-503-DB4436</styleUrl>
        <Point>
          <coordinates>
            -117.2298,32.3933,0
          </coordinates>
        </Point>
      </Placemark>
      <Placemark>
        <name>Bull Kelp (LA)</name>
        <description>Pointe Vincente / LA Harbor / Huntington Beach</description>
        <styleUrl>#icon-503-DB4436</styleUrl>
        <Point>
          <coordinates>
            -118.2342,33.635,0
          </coordinates>
        </Point>
      </Placemark>
      <Placemark>
        <name>Bull Ring</name>
        <description>Fishing Spot</description>
        <styleUrl>#icon-503-DB4436</styleUrl>
        <Point>
          <coordinates>
            -117.1433,32.525,0
          </coordinates>
        </Point>
      </Placemark>
      <Placemark>
        <name>Buoy #1 (Whistler Buoy)</name>
        <description>SWYC Fishing Spot</description>
        <styleUrl>#icon-503-DB4436</styleUrl>
        <Point>
          <coordinates>
            -117.2453,32.6219,0
          </coordinates>
        </Point>
      </Placemark>
      <Placemark>
        <name>Buoy #3</name>
        <description>SWYC Fishing Spot</description>
        <styleUrl>#icon-503-DB4436</styleUrl>
        <Point>
          <coordinates>
            -117.2273,32.6367,0
          </coordinates>
        </Point>
      </Placemark>
      <Placemark>
        <name>Buoy #5</name>
        <description>SWYC Fishing Spot</description>
        <styleUrl>#icon-503-DB4436</styleUrl>
        <Point>
          <coordinates>
            -117.2273,32.6521,0
          </coordinates>
        </Point>
      </Placemark>
      <Placemark>
        <name>Buoy #7</name>
        <description>SWYC Fishing Spot</description>
        <styleUrl>#icon-503-DB4436</styleUrl>
        <Point>
          <coordinates>
            -117.229,32.6649,0
          </coordinates>
        </Point>
      </Placemark>
      <Placemark>
        <name>Buoy #9</name>
        <description>SWYC Fishing Spot</description>
        <styleUrl>#icon-503-DB4436</styleUrl>
        <Point>
          <coordinates>
            -117.2304,32.6733,0
          </coordinates>
        </Point>
      </Placemark>
      <Placemark>
        <name>Carlsbad Art Reef - Ponto</name>
        <description>Fishing Spot</description>
        <styleUrl>#icon-503-DB4436</styleUrl>
        <Point>
          <coordinates>
            -117.3197,33.0873,0
          </coordinates>
        </Point>
      </Placemark>
      <Placemark>
        <name>Carrington Point (stay west of MPA line)</name>
        <description>Channel Islands - Santa Rosa Island</description>
        <styleUrl>#icon-503-DB4436</styleUrl>
        <Point>
          <coordinates>
            -120.0883,34.04,0
          </coordinates>
        </Point>
      </Placemark>
      <Placemark>
        <name>Castle Rock</name>
        <description>SWYC Fishing Spot</description>
        <styleUrl>#icon-503-DB4436</styleUrl>
        <Point>
          <coordinates>
            -118.6142,33.035,0
          </coordinates>
        </Point>
      </Placemark>
      <Placemark>
        <name>Cat Harbor</name>
        <description>SWYC Fishing Spot</description>
        <styleUrl>#icon-503-DB4436</styleUrl>
        <Point>
          <coordinates>
            -118.5083,33.4233,0
          </coordinates>
        </Point>
      </Placemark>
      <Placemark>
        <name>Cat Rock</name>
        <description>Rocky</description>
        <styleUrl>#icon-503-DB4436</styleUrl>
        <Point>
          <coordinates>
            -119.423,34.0027,0
          </coordinates>
        </Point>
      </Placemark>
      <Placemark>
        <name>Cherry Banks</name>
        <description>Fishing Spot</description>
        <styleUrl>#icon-503-DB4436</styleUrl>
        <Point>
          <coordinates>
            -119.4214,32.8731,0
          </coordinates>
        </Point>
      </Placemark>
      <Placemark>
        <name>China Point - Catalina</name>
        <description>Catalina Island - Backside</description>
        <styleUrl>#icon-503-DB4436</styleUrl>
        <Point>
          <coordinates>
            -118.4688,33.3283,0
          </coordinates>
        </Point>
      </Placemark>
      <Placemark>
        <name>China Point - San Clemente Island</name>
        <description>San Clemente Island</description>
        <styleUrl>#icon-503-DB4436</styleUrl>
        <Point>
          <coordinates>
            -118.4333,32.7958,0
          </coordinates>
        </Point>
      </Placemark>
      <Placemark>
        <name>Chinese Harbor</name>
        <description>Channel Islands - Santa Cruz Island</description>
        <styleUrl>#icon-503-DB4436</styleUrl>
        <Point>
          <coordinates>
            -119.6117,34.0242,0
          </coordinates>
        </Point>
      </Placemark>
      <Placemark>
        <name>Church Rock</name>
        <description>SWYC Fishing Spot</description>
        <styleUrl>#icon-503-DB4436</styleUrl>
        <Point>
          <coordinates>
            -118.3267,33.2968,0
          </coordinates>
        </Point>
      </Placemark>
      <Placemark>
        <name>CI - Rockfish #1</name>
        <description>Catalina Island - West End Humps</description>
        <styleUrl>#icon-503-DB4436</styleUrl>
        <Point>
          <coordinates>
            -118.6193,33.4667,0
          </coordinates>
        </Point>
      </Placemark>
      <Placemark>
        <name>CI - Rockfish #2</name>
        <description>Catalina Island - West End Humps</description>
        <styleUrl>#icon-503-DB4436</styleUrl>
        <Point>
          <coordinates>
            -118.6195,33.4647,0
          </coordinates>
        </Point>
      </Placemark>
      <Placemark>
        <name>CI - Rockfish #3</name>
        <description>Catalina Island - West End Humps</description>
        <styleUrl>#icon-503-DB4436</styleUrl>
        <Point>
          <coordinates>
            -118.6138,33.464,0
          </coordinates>
        </Point>
      </Placemark>
      <Placemark>
        <name>Cluster Point Reef</name>
        <description>Channel Islands - Santa Rosa Island</description>
        <styleUrl>#icon-503-DB4436</styleUrl>
        <Point>
          <coordinates>
            -120.1883,33.9225,0
          </coordinates>
        </Point>
      </Placemark>
      <Placemark>
        <name>College Area</name>
        <description>Fishing Spot</description>
        <styleUrl>#icon-503-DB4436</styleUrl>
        <Point>
          <coordinates>
            -117.2772,32.7197,0
          </coordinates>
        </Point>
      </Placemark>
      <Placemark>
        <name>Colonet</name>
        <description>Fishing Spot</description>
        <styleUrl>#icon-503-DB4436</styleUrl>
        <Point>
          <coordinates>
            -116.5033,30.8967,0
          </coordinates>
        </Point>
      </Placemark>
      <Placemark>
        <name>Coronado Canyon</name>
        <description>Fishing Spot</description>
        <styleUrl>#icon-503-DB4436</styleUrl>
        <Point>
          <coordinates>
            -117.2917,32.505,0
          </coordinates>
        </Point>
      </Placemark>
      <Placemark>
        <name>Cortes Bank</name>
        <description>Fishing Spot</description>
        <styleUrl>#icon-503-DB4436</styleUrl>
        <Point>
          <coordinates>
            -119.1306,32.4403,0
          </coordinates>
        </Point>
      </Placemark>
      <Placemark>
        <name>Cortez Bank (Bishop Rock)</name>
        <description>SWYC Fishing Spot</description>
        <styleUrl>#icon-503-DB4436</styleUrl>
        <Point>
          <coordinates>
            -119.1283,32.45,0
          </coordinates>
        </Point>
      </Placemark>
      <Placemark>
        <name>Crystal Cove (#2 Spot)</name>
        <description>Laguna Beach</description>
        <styleUrl>#icon-503-DB4436</styleUrl>
        <Point>
          <coordinates>
            -117.8385,33.5637,0
          </coordinates>
        </Point>
      </Placemark>
      <Placemark>
        <name>Crystal Pier</name>
        <description>Stay north of MPA at 32.7991</description>
        <styleUrl>#icon-503-DB4436</styleUrl>
        <Point>
          <coordinates>
            -117.2763,32.793,0
          </coordinates>
        </Point>
      </Placemark>
      <Placemark>
        <name>Dana Harbor</name>
        <description>SWYC Fishing Spot</description>
        <styleUrl>#icon-503-DB4436</styleUrl>
        <Point>
          <coordinates>
            -117.6895,33.4544,0
          </coordinates>
        </Point>
      </Placemark>
      <Placemark>
        <name>Dana Hard Bottom</name>
        <description>Dana Point</description>
        <styleUrl>#icon-503-DB4436</styleUrl>
        <Point>
          <coordinates>
            -117.6833,33.445,0
          </coordinates>
        </Point>
      </Placemark>
      <Placemark>
        <name>Del Mar Kelp</name>
        <description>Kelp</description>
        <styleUrl>#icon-503-DB4436</styleUrl>
        <Point>
          <coordinates>
            -117.2792,32.95,0
          </coordinates>
        </Point>
      </Placemark>
      <Placemark>
        <name>Del Mar Kelp South End</name>
        <description>Kelp</description>
        <styleUrl>#icon-503-DB4436</styleUrl>
        <Point>
          <coordinates>
            -117.2767,32.9494,0
          </coordinates>
        </Point>
      </Placemark>
      <Placemark>
        <name>Del Mar Kelp, downhill current only</name>
        <description>Kelp</description>
        <styleUrl>#icon-503-DB4436</styleUrl>
        <Point>
          <coordinates>
            -117.2791,32.9594,0
          </coordinates>
        </Point>
      </Placemark>
      <Placemark>
        <name>Descanso Rockfish 1</name>
        <description>Rocky</description>
        <styleUrl>#icon-503-DB4436</styleUrl>
        <Point>
          <coordinates>
            -117.0146,32.2473,0
          </coordinates>
        </Point>
      </Placemark>
      <Placemark>
        <name>Descanso Rockfish 2</name>
        <description>Rocky</description>
        <styleUrl>#icon-503-DB4436</styleUrl>
        <Point>
          <coordinates>
            -116.976,32.2408,0
          </coordinates>
        </Point>
      </Placemark>
      <Placemark>
        <name>Desperation Reef</name>
        <description>San Clemente Island</description>
        <styleUrl>#icon-503-DB4436</styleUrl>
        <Point>
          <coordinates>
            -118.4087,32.7587,0
          </coordinates>
        </Point>
      </Placemark>
      <Placemark>
        <name>Dolly Parton Bank</name>
        <description>SWYC Fishing Spot</description>
        <styleUrl>#icon-503-DB4436</styleUrl>
        <Point>
          <coordinates>
            -117.59,32.975,0
          </coordinates>
        </Point>
      </Placemark>
      <Placemark>
        <name>Dome</name>
        <description>SWYC Fishing Spot</description>
        <styleUrl>#icon-503-DB4436</styleUrl>
        <Point>
          <coordinates>
            -118.425,32.9083,0
          </coordinates>
        </Point>
      </Placemark>
      <Placemark>
        <name>Domes</name>
        <description>Dana Point</description>
        <styleUrl>#icon-503-DB4436</styleUrl>
        <Point>
          <coordinates>
            -117.563,33.3632,0
          </coordinates>
        </Point>
      </Placemark>
      <Placemark>
        <name>Double Rigs Reef</name>
        <description>Pointe Vincente / LA Harbor / Huntington Beach</description>
        <styleUrl>#icon-503-DB4436</styleUrl>
        <Point>
          <coordinates>
            -118.1315,33.5902,0
          </coordinates>
        </Point>
      </Placemark>
      <Placemark>
        <name>Dumping Grounds</name>
        <description>Fishing Spot</description>
        <styleUrl>#icon-503-DB4436</styleUrl>
        <Point>
          <coordinates>
            -118.5639,31.7,0
          </coordinates>
        </Point>
      </Placemark>
      <Placemark>
        <name>Dunes</name>
        <description>San Clemente Island</description>
        <styleUrl>#icon-503-DB4436</styleUrl>
        <Point>
          <coordinates>
            -118.5895,32.991,0
          </coordinates>
        </Point>
      </Placemark>
      <Placemark>
        <name>Eagle Reef</name>
        <description>Catalina Island - Frontside</description>
        <styleUrl>#icon-503-DB4436</styleUrl>
        <Point>
          <coordinates>
            -118.5073,33.4603,0
          </coordinates>
        </Point>
      </Placemark>
      <Placemark>
        <name><![CDATA[Eagle's Nest]]></name>
        <description>Channel Islands - Santa Rosa Island</description>
        <styleUrl>#icon-503-DB4436</styleUrl>
        <Point>
          <coordinates>
            -120.0017,33.9317,0
          </coordinates>
        </Point>
      </Placemark>
      <Placemark>
        <name>East Anacapa Reef #1</name>
        <description>Channel Islands - East Anacapa Reef</description>
        <styleUrl>#icon-503-DB4436</styleUrl>
        <Point>
          <coordinates>
            -119.3108,34.0358,0
          </coordinates>
        </Point>
      </Placemark>
      <Placemark>
        <name>East Anacapa Reef #2</name>
        <description>Channel Islands - East Anacapa Reef</description>
        <styleUrl>#icon-503-DB4436</styleUrl>
        <Point>
          <coordinates>
            -119.345,34.0208,0
          </coordinates>
        </Point>
      </Placemark>
      <Placemark>
        <name>East Anacapa Reef #3</name>
        <description>Channel Islands - East Anacapa Reef</description>
        <styleUrl>#icon-503-DB4436</styleUrl>
        <Point>
          <coordinates>
            -119.3307,34.0208,0
          </coordinates>
        </Point>
      </Placemark>
      <Placemark>
        <name>East Beach</name>
        <description>Catalina Island - Frontside</description>
        <styleUrl>#icon-503-DB4436</styleUrl>
        <Point>
          <coordinates>
            -118.5845,33.4745,0
          </coordinates>
        </Point>
      </Placemark>
      <Placemark>
        <name>East Butterfly</name>
        <description>Fishing Spot</description>
        <styleUrl>#icon-503-DB4436</styleUrl>
        <Point>
          <coordinates>
            -118.1,32.2736,0
          </coordinates>
        </Point>
      </Placemark>
      <Placemark>
        <name>East Butterfly (267)</name>
        <description>SWYC Fishing Spot</description>
        <styleUrl>#icon-503-DB4436</styleUrl>
        <Point>
          <coordinates>
            -118.1047,32.25,0
          </coordinates>
        </Point>
      </Placemark>
      <Placemark>
        <name>East End - Seal Rocks</name>
        <description>Catalina Island - Backside</description>
        <styleUrl>#icon-503-DB4436</styleUrl>
        <Point>
          <coordinates>
            -118.3033,33.3062,0
          </coordinates>
        </Point>
      </Placemark>
      <Placemark>
        <name>East Fish Camp</name>
        <description>Fishing Spot</description>
        <styleUrl>#icon-503-DB4436</styleUrl>
        <Point>
          <coordinates>
            -119.3817,34.0058,0
          </coordinates>
        </Point>
      </Placemark>
      <Placemark>
        <name>East Horseshoe</name>
        <description>Pointe Vincente / LA Harbor / Huntington Beach</description>
        <styleUrl>#icon-503-DB4436</styleUrl>
        <Point>
          <coordinates>
            -118.2045,33.645,0
          </coordinates>
        </Point>
      </Placemark>
      <Placemark>
        <name><![CDATA[East of Pukey Point – Yellowtail & Rockfish]]></name>
        <description>Rocky</description>
        <styleUrl>#icon-503-DB4436</styleUrl>
        <Point>
          <coordinates>
            -117.235,32.45,0
          </coordinates>
        </Point>
      </Placemark>
      <Placemark>
        <name>East Point</name>
        <description>Channel Islands - Santa Rosa Island</description>
        <styleUrl>#icon-503-DB4436</styleUrl>
        <Point>
          <coordinates>
            -119.9658,33.9075,0
          </coordinates>
        </Point>
      </Placemark>
      <Placemark>
        <name>El Segundo Pipe</name>
        <description>Marina Del Rey</description>
        <styleUrl>#icon-503-DB4436</styleUrl>
        <Point>
          <coordinates>
            -118.4517,33.922,0
          </coordinates>
        </Point>
      </Placemark>
      <Placemark>
        <name>Elephant</name>
        <description>Fishing Spot</description>
        <styleUrl>#icon-503-DB4436</styleUrl>
        <Point>
          <coordinates>
            -119.4667,31.8667,0
          </coordinates>
        </Point>
      </Placemark>
      <Placemark>
        <name>Encina Powerplant Pipe</name>
        <description>Fishing Spot</description>
        <styleUrl>#icon-503-DB4436</styleUrl>
        <Point>
          <coordinates>
            -117.3477,33.1343,0
          </coordinates>
        </Point>
      </Placemark>
      <Placemark>
        <name>End of Old Pipe</name>
        <description>Fishing Spot</description>
        <styleUrl>#icon-503-DB4436</styleUrl>
        <Point>
          <coordinates>
            -117.9763,33.6105,0
          </coordinates>
        </Point>
      </Placemark>
      <Placemark>
        <name>Fad A (Missing)</name>
        <description>SWYC Fishing Spot</description>
        <styleUrl>#icon-503-DB4436</styleUrl>
        <Point>
          <coordinates>
            -117.3683,32.755,0
          </coordinates>
        </Point>
      </Placemark>
      <Placemark>
        <name>Fad B (Missing)</name>
        <description>SWYC Fishing Spot</description>
        <styleUrl>#icon-503-DB4436</styleUrl>
        <Point>
          <coordinates>
            -117.5583,32.7853,0
          </coordinates>
        </Point>
      </Placemark>
      <Placemark>
        <name>Farnsworth Bank</name>
        <description>Catalina Island - Backside</description>
        <styleUrl>#icon-503-DB4436</styleUrl>
        <Point>
          <coordinates>
            -118.5168,33.3427,0
          </coordinates>
        </Point>
      </Placemark>
      <Placemark>
        <name>Fermin Reef 65ft</name>
        <description>Pointe Vincente / LA Harbor / Huntington Beach</description>
        <styleUrl>#icon-503-DB4436</styleUrl>
        <Point>
          <coordinates>
            -118.2905,33.7008,0
          </coordinates>
        </Point>
      </Placemark>
      <Placemark>
        <name>Finger Bank</name>
        <description>SWYC Fishing Spot</description>
        <styleUrl>#icon-503-DB4436</styleUrl>
        <Point>
          <coordinates>
            -117.0417,32.0478,0
          </coordinates>
        </Point>
      </Placemark>
      <Placemark>
        <name>Fish Hook</name>
        <description>SWYC Fishing Spot</description>
        <styleUrl>#icon-503-DB4436</styleUrl>
        <Point>
          <coordinates>
            -118.3557,32.8342,0
          </coordinates>
        </Point>
      </Placemark>
      <Placemark>
        <name>Flats</name>
        <description>SWYC Fishing Spot</description>
        <styleUrl>#icon-503-DB4436</styleUrl>
        <Point>
          <coordinates>
            -117.15,32.4333,0
          </coordinates>
        </Point>
      </Placemark>
      <Placemark>
        <name><![CDATA[Forney's Cove]]></name>
        <description>Channel Islands - Weatherside Spots</description>
        <styleUrl>#icon-503-DB4436</styleUrl>
        <Point>
          <coordinates>
            -119.9145,34.0525,0
          </coordinates>
        </Point>
      </Placemark>
      <Placemark>
        <name><![CDATA[Forney's/Christy Beach/Black Point squid zone (big area)]]></name>
        <description>Channel Islands - Weatherside Spots</description>
        <styleUrl>#icon-503-DB4436</styleUrl>
        <Point>
          <coordinates>
            -119.9,34.03,0
          </coordinates>
        </Point>
      </Placemark>
      <Placemark>
        <name>Frog Rock</name>
        <description>Catalina Island - Frontside</description>
        <styleUrl>#icon-503-DB4436</styleUrl>
        <Point>
          <coordinates>
            -118.3338,33.3625,0
          </coordinates>
        </Point>
      </Placemark>
      <Placemark>
        <name>Gallaghers - 12 fathoms</name>
        <description>Catalina Island - Frontside</description>
        <styleUrl>#icon-503-DB4436</styleUrl>
        <Point>
          <coordinates>
            -118.3453,33.3705,0
          </coordinates>
        </Point>
      </Placemark>
      <Placemark>
        <name>Genoa Kelp</name>
        <description>Kelp</description>
        <styleUrl>#icon-503-DB4436</styleUrl>
        <Point>
          <coordinates>
            -117.2621,32.413,0
          </coordinates>
        </Point>
      </Placemark>
      <Placemark>
        <name>Goat Harbor</name>
        <description>Catalina Island - Frontside</description>
        <styleUrl>#icon-503-DB4436</styleUrl>
        <Point>
          <coordinates>
            -118.3958,33.4158,0
          </coordinates>
        </Point>
      </Placemark>
      <Placemark>
        <name>Golf Ball</name>
        <description>Fishing Spot</description>
        <styleUrl>#icon-503-DB4436</styleUrl>
        <Point>
          <coordinates>
            -117.4378,33.24,0
          </coordinates>
        </Point>
      </Placemark>
      <Placemark>
        <name>Green Tank</name>
        <description>Fishing Spot</description>
        <styleUrl>#icon-503-DB4436</styleUrl>
        <Point>
          <coordinates>
            -117.279,32.7102,0
          </coordinates>
        </Point>
      </Placemark>
      <Placemark>
        <name>Green Tank #2</name>
        <description>Fishing Spot</description>
        <styleUrl>#icon-503-DB4436</styleUrl>
        <Point>
          <coordinates>
            -117.2773,32.7085,0
          </coordinates>
        </Point>
      </Placemark>
      <Placemark>
        <name>Gunsight</name>
        <description>Fishing Spot</description>
        <styleUrl>#icon-503-DB4436</styleUrl>
        <Point>
          <coordinates>
            -117.251,32.4228,0
          </coordinates>
        </Point>
      </Placemark>
      <Placemark>
        <name>Hancock Bank</name>
        <description>Fishing Spot</description>
        <styleUrl>#icon-503-DB4436</styleUrl>
        <Point>
          <coordinates>
            -119.6995,32.5683,0
          </coordinates>
        </Point>
      </Placemark>
      <Placemark>
        <name>Harbor Reef</name>
        <description>Catalina Island - Frontside</description>
        <styleUrl>#icon-503-DB4436</styleUrl>
        <Point>
          <coordinates>
            -118.488659,33.449071,0
          </coordinates>
        </Point>
      </Placemark>
      <Placemark>
        <name>Hardbottom</name>
        <description>Rocky</description>
        <styleUrl>#icon-503-DB4436</styleUrl>
        <Point>
          <coordinates>
            -117.2417,32.6375,0
          </coordinates>
        </Point>
      </Placemark>
      <Placemark>
        <name>Hen Rock</name>
        <description>Catalina Island - Frontside</description>
        <styleUrl>#icon-503-DB4436</styleUrl>
        <Point>
          <coordinates>
            -118.3655,33.4058,0
          </coordinates>
        </Point>
      </Placemark>
      <Placemark>
        <name>Hermosa Beach Artificial Reef</name>
        <description>Marina Del Rey</description>
        <styleUrl>#icon-503-DB4436</styleUrl>
        <Point>
          <coordinates>
            -118.4133,33.8537,0
          </coordinates>
        </Point>
      </Placemark>
      <Placemark>
        <name>Hermosa Hard Bottom</name>
        <description>Marina Del Rey</description>
        <styleUrl>#icon-503-DB4436</styleUrl>
        <Point>
          <coordinates>
            -118.4205,33.8682,0
          </coordinates>
        </Point>
      </Placemark>
      <Placemark>
        <name>Hidden Bank</name>
        <description>Fishing Spot</description>
        <styleUrl>#icon-503-DB4436</styleUrl>
        <Point>
          <coordinates>
            -117.5,31.9,0
          </coordinates>
        </Point>
      </Placemark>
      <Placemark>
        <name>Hidden Reef</name>
        <description>Fishing Spot</description>
        <styleUrl>#icon-503-DB4436</styleUrl>
        <Point>
          <coordinates>
            -119.16,33.7283,0
          </coordinates>
        </Point>
      </Placemark>
      <Placemark>
        <name>Hill Street</name>
        <description>Fishing Spot</description>
        <styleUrl>#icon-503-DB4436</styleUrl>
        <Point>
          <coordinates>
            -117.2752,32.7297,0
          </coordinates>
        </Point>
      </Placemark>
      <Placemark>
        <name>HMCS Yukon</name>
        <description>Wreck</description>
        <styleUrl>#icon-503-DB4436</styleUrl>
        <Point>
          <coordinates>
            -117.2823,32.7802,0
          </coordinates>
        </Point>
      </Placemark>
      <Placemark>
        <name>Horseshoe</name>
        <description>Pointe Vincente / LA Harbor / Huntington Beach</description>
        <styleUrl>#icon-503-DB4436</styleUrl>
        <Point>
          <coordinates>
            -118.2333,33.64,0
          </coordinates>
        </Point>
      </Placemark>
      <Placemark>
        <name>Horseshoe North</name>
        <description>Pointe Vincente / LA Harbor / Huntington Beach</description>
        <styleUrl>#icon-503-DB4436</styleUrl>
        <Point>
          <coordinates>
            -118.2223,33.6667,0
          </coordinates>
        </Point>
      </Placemark>
      <Placemark>
        <name>Horseshoe South</name>
        <description>Pointe Vincente / LA Harbor / Huntington Beach</description>
        <styleUrl>#icon-503-DB4436</styleUrl>
        <Point>
          <coordinates>
            -118.225,33.6645,0
          </coordinates>
        </Point>
      </Placemark>
      <Placemark>
        <name>Hospital - 100 Fathom Curve</name>
        <description>Laguna Beach</description>
        <styleUrl>#icon-503-DB4436</styleUrl>
        <Point>
          <coordinates>
            -117.785,33.4917,0
          </coordinates>
        </Point>
      </Placemark>
      <Placemark>
        <name>Hotel Coral Marina Entrance</name>
        <description>SWYC Fishing Spot</description>
        <styleUrl>#icon-503-DB4436</styleUrl>
        <Point>
          <coordinates>
            -116.6612,31.858,0
          </coordinates>
        </Point>
      </Placemark>
      <Placemark>
        <name>Hotel Del Hardbottom</name>
        <description>Fishing Spot</description>
        <styleUrl>#icon-503-DB4436</styleUrl>
        <Point>
          <coordinates>
            -117.188,32.6683,0
          </coordinates>
        </Point>
      </Placemark>
      <Placemark>
        <name><![CDATA[Hungryman's Gulch]]></name>
        <description>Channel Islands - Santa Cruz Island</description>
        <styleUrl>#icon-503-DB4436</styleUrl>
        <Point>
          <coordinates>
            -119.526,34.0278,0
          </coordinates>
        </Point>
      </Placemark>
      <Placemark>
        <name>Imperial Beach Flats</name>
        <description>Fishing Spot</description>
        <styleUrl>#icon-503-DB4436</styleUrl>
        <Point>
          <coordinates>
            -117.2,32.5667,0
          </coordinates>
        </Point>
      </Placemark>
      <Placemark>
        <name>Imperial Beach Kelp</name>
        <description>Kelp</description>
        <styleUrl>#icon-503-DB4436</styleUrl>
        <Point>
          <coordinates>
            -117.16,32.575,0
          </coordinates>
        </Point>
      </Placemark>
      <Placemark>
        <name>Imperial Beach Kelp South End</name>
        <description>Kelp</description>
        <styleUrl>#icon-503-DB4436</styleUrl>
        <Point>
          <coordinates>
            -117.15,32.55,0
          </coordinates>
        </Point>
      </Placemark>
      <Placemark>
        <name>Imperial Beach Pier</name>
        <description>SWYC Fishing Spot</description>
        <styleUrl>#icon-503-DB4436</styleUrl>
        <Point>
          <coordinates>
            -117.135,32.58,0
          </coordinates>
        </Point>
      </Placemark>
      <Placemark>
        <name>Imperial Beach Pipe</name>
        <description>Fishing Spot</description>
        <styleUrl>#icon-503-DB4436</styleUrl>
        <Point>
          <coordinates>
            -117.18,32.5383,0
          </coordinates>
        </Point>
      </Placemark>
      <Placemark>
        <name>Inside Bull Kelp</name>
        <description>Kelp</description>
        <styleUrl>#icon-503-DB4436</styleUrl>
        <Point>
          <coordinates>
            -117.3018,32.823,0
          </coordinates>
        </Point>
      </Placemark>
      <Placemark>
        <name>Inside South Bank Pinnacle 26 Fathom</name>
        <description>33.52.870 x 118.32.130 Inside South Bank Pinnacle 26 Fathom</description>
        <styleUrl>#icon-503-DB4436</styleUrl>
        <Point>
          <coordinates>
            -118.5355,33.8812,0
          </coordinates>
        </Point>
      </Placemark>
      <Placemark>
        <name>Inside SW Bank 33 Fathoms</name>
        <description>33.51.950 x 118.30.440 Inside SW Bank 33 Fathoms</description>
        <styleUrl>#icon-503-DB4436</styleUrl>
        <Point>
          <coordinates>
            -118.5073,33.8658,0
          </coordinates>
        </Point>
      </Placemark>
      <Placemark>
        <name>International #1</name>
        <description>Man-Made Reef</description>
        <styleUrl>#icon-503-DB4436</styleUrl>
        <Point>
          <coordinates>
            -117.2482,32.5445,0
          </coordinates>
        </Point>
      </Placemark>
      <Placemark>
        <name>International #2</name>
        <description>Man-Made Reef</description>
        <styleUrl>#icon-503-DB4436</styleUrl>
        <Point>
          <coordinates>
            -117.2483,32.5443,0
          </coordinates>
        </Point>
      </Placemark>
      <Placemark>
        <name>International #3</name>
        <description>Man-Made Reef</description>
        <styleUrl>#icon-503-DB4436</styleUrl>
        <Point>
          <coordinates>
            -117.2472,32.5438,0
          </coordinates>
        </Point>
      </Placemark>
      <Placemark>
        <name>International #4</name>
        <description>Man-Made Reef</description>
        <styleUrl>#icon-503-DB4436</styleUrl>
        <Point>
          <coordinates>
            -117.2467,32.544,0
          </coordinates>
        </Point>
      </Placemark>
      <Placemark>
        <name>International #5</name>
        <description>Man-Made Reef</description>
        <styleUrl>#icon-503-DB4436</styleUrl>
        <Point>
          <coordinates>
            -117.2465,32.5447,0
          </coordinates>
        </Point>
      </Placemark>
      <Placemark>
        <name>International Reef A</name>
        <description>Man-Made Reef</description>
        <styleUrl>#icon-503-DB4436</styleUrl>
        <Point>
          <coordinates>
            -117.2481,32.5445,0
          </coordinates>
        </Point>
      </Placemark>
      <Placemark>
        <name>International Reef B</name>
        <description>Man-Made Reef</description>
        <styleUrl>#icon-503-DB4436</styleUrl>
        <Point>
          <coordinates>
            -117.2483,32.5445,0
          </coordinates>
        </Point>
      </Placemark>
      <Placemark>
        <name>International Reef C</name>
        <description>Man-Made Reef</description>
        <styleUrl>#icon-503-DB4436</styleUrl>
        <Point>
          <coordinates>
            -117.2472,32.5438,0
          </coordinates>
        </Point>
      </Placemark>
      <Placemark>
        <name>International Reef D</name>
        <description>Man-Made Reef</description>
        <styleUrl>#icon-503-DB4436</styleUrl>
        <Point>
          <coordinates>
            -117.2467,32.5441,0
          </coordinates>
        </Point>
      </Placemark>
      <Placemark>
        <name>International Reef E</name>
        <description>Man-Made Reef</description>
        <styleUrl>#icon-503-DB4436</styleUrl>
        <Point>
          <coordinates>
            -117.2474,32.5453,0
          </coordinates>
        </Point>
      </Placemark>
      <Placemark>
        <name>International Reef F</name>
        <description>Man-Made Reef</description>
        <styleUrl>#icon-503-DB4436</styleUrl>
        <Point>
          <coordinates>
            -117.2464,32.5428,0
          </coordinates>
        </Point>
      </Placemark>
      <Placemark>
        <name>International Reef Missle Tower</name>
        <description>Man-Made Reef</description>
        <styleUrl>#icon-503-DB4436</styleUrl>
        <Point>
          <coordinates>
            -117.2465,32.5416,0
          </coordinates>
        </Point>
      </Placemark>
      <Placemark>
        <name>Iron Bound cove</name>
        <description>Catalina Island - Backside</description>
        <styleUrl>#icon-503-DB4436</styleUrl>
        <Point>
          <coordinates>
            -118.5767,33.4465,0
          </coordinates>
        </Point>
      </Placemark>
      <Placemark>
        <name>Isthmus High Spot</name>
        <description>Catalina Island - Frontside</description>
        <styleUrl>#icon-503-DB4436</styleUrl>
        <Point>
          <coordinates>
            -118.4902,33.455,0
          </coordinates>
        </Point>
      </Placemark>
      <Placemark>
        <name>Italian Gardens area</name>
        <description>Catalina Island - Frontside</description>
        <styleUrl>#icon-503-DB4436</styleUrl>
        <Point>
          <coordinates>
            -118.3833,33.4125,0
          </coordinates>
        </Point>
      </Placemark>
      <Placemark>
        <name>Izors Reef (Bolsa Chica Artificial Reef)</name>
        <description>Pointe Vincente / LA Harbor / Huntington Beach</description>
        <styleUrl>#icon-503-DB4436</styleUrl>
        <Point>
          <coordinates>
            -118.1013,33.6505,0
          </coordinates>
        </Point>
      </Placemark>
      <Placemark>
        <name>Johnson Rock - Caution Boiler rocks</name>
        <description>Catalina Island - Frontside</description>
        <styleUrl>#icon-503-DB4436</styleUrl>
        <Point>
          <coordinates>
            -118.5893,33.4775,0
          </coordinates>
        </Point>
      </Placemark>
      <Placemark>
        <name>Keyhole</name>
        <description>Fishing Spot</description>
        <styleUrl>#icon-503-DB4436</styleUrl>
        <Point>
          <coordinates>
            -117.2963,32.4325,0
          </coordinates>
        </Point>
      </Placemark>
      <Placemark>
        <name>Kidney Bank</name>
        <description>Fishing Spot</description>
        <styleUrl>#icon-503-DB4436</styleUrl>
        <Point>
          <coordinates>
            -119.0142,33.5745,0
          </coordinates>
        </Point>
      </Placemark>
      <Placemark>
        <name>Knuckle</name>
        <description>SWYC Fishing Spot</description>
        <styleUrl>#icon-503-DB4436</styleUrl>
        <Point>
          <coordinates>
            -117.1167,32.125,0
          </coordinates>
        </Point>
      </Placemark>
      <Placemark>
        <name>La Fonda</name>
        <description>Fishing Spot</description>
        <styleUrl>#icon-503-DB4436</styleUrl>
        <Point>
          <coordinates>
            -116.9025,32.141,0
          </coordinates>
        </Point>
      </Placemark>
      <Placemark>
        <name>La Jolla Canyon Shelf Rockfish Area</name>
        <description>Rocky</description>
        <styleUrl>#icon-503-DB4436</styleUrl>
        <Point>
          <coordinates>
            -117.3167,32.875,0
          </coordinates>
        </Point>
      </Placemark>
      <Placemark>
        <name>La Jolla Cove</name>
        <description>Fishing Spot</description>
        <styleUrl>#icon-503-DB4436</styleUrl>
        <Point>
          <coordinates>
            -117.2717,32.8555,0
          </coordinates>
        </Point>
      </Placemark>
      <Placemark>
        <name>La Jolla Shelf Hardbottom</name>
        <description>Rocky</description>
        <styleUrl>#icon-503-DB4436</styleUrl>
        <Point>
          <coordinates>
            -117.3208,32.855,0
          </coordinates>
        </Point>
      </Placemark>
      <Placemark>
        <name>Lighthouse</name>
        <description>Fishing Spot</description>
        <styleUrl>#icon-503-DB4436</styleUrl>
        <Point>
          <coordinates>
            -117.2428,32.3882,0
          </coordinates>
        </Point>
      </Placemark>
      <Placemark>
        <name>Lighthouse Kelp</name>
        <description>Kelp</description>
        <styleUrl>#icon-503-DB4436</styleUrl>
        <Point>
          <coordinates>
            -117.2628,32.657,0
          </coordinates>
        </Point>
      </Placemark>
      <Placemark>
        <name>Lions Head</name>
        <description>Catalina Island - Frontside</description>
        <styleUrl>#icon-503-DB4436</styleUrl>
        <Point>
          <coordinates>
            -118.5008,33.4472,0
          </coordinates>
        </Point>
      </Placemark>
      <Placemark>
        <name>Long Point</name>
        <description>Catalina Island - Frontside</description>
        <styleUrl>#icon-503-DB4436</styleUrl>
        <Point>
          <coordinates>
            -118.3653,33.4063,0
          </coordinates>
        </Point>
      </Placemark>
      <Placemark>
        <name>Lost Point</name>
        <description>San Clemente Island</description>
        <styleUrl>#icon-503-DB4436</styleUrl>
        <Point>
          <coordinates>
            -118.5035,32.851,0
          </coordinates>
        </Point>
      </Placemark>
      <Placemark>
        <name>Lower 500</name>
        <description>Fishing Spot</description>
        <styleUrl>#icon-503-DB4436</styleUrl>
        <Point>
          <coordinates>
            -117.0417,31.175,0
          </coordinates>
        </Point>
      </Placemark>
      <Placemark>
        <name>Lower Cross</name>
        <description>Fishing Spot</description>
        <styleUrl>#icon-503-DB4436</styleUrl>
        <Point>
          <coordinates>
            -118,31,0
          </coordinates>
        </Point>
      </Placemark>
      <Placemark>
        <name>Mackerel Bank</name>
        <description>Fishing Spot</description>
        <styleUrl>#icon-503-DB4436</styleUrl>
        <Point>
          <coordinates>
            -118.3933,33.0367,0
          </coordinates>
        </Point>
      </Placemark>
      <Placemark>
        <name>Main Beach</name>
        <description>Laguna Beach</description>
        <styleUrl>#icon-503-DB4436</styleUrl>
        <Point>
          <coordinates>
            -117.7917,33.5383,0
          </coordinates>
        </Point>
      </Placemark>
      <Placemark>
        <name>Malibu Artificial Reef</name>
        <description>Santa Monica / Malibu</description>
        <styleUrl>#icon-503-DB4436</styleUrl>
        <Point>
          <coordinates>
            -118.6505,34.0248,0
          </coordinates>
        </Point>
      </Placemark>
      <Placemark>
        <name>Manhattan Hard Bottom</name>
        <description>Marina Del Rey</description>
        <styleUrl>#icon-503-DB4436</styleUrl>
        <Point>
          <coordinates>
            -118.4333,33.88,0
          </coordinates>
        </Point>
      </Placemark>
      <Placemark>
        <name>Marine Street</name>
        <description>Fishing Spot</description>
        <styleUrl>#icon-503-DB4436</styleUrl>
        <Point>
          <coordinates>
            -117.2953,32.8363,0
          </coordinates>
        </Point>
      </Placemark>
      <Placemark>
        <name>Marineland Reef 80ft</name>
        <description>Pointe Vincente / LA Harbor / Huntington Beach</description>
        <styleUrl>#icon-503-DB4436</styleUrl>
        <Point>
          <coordinates>
            -118.401,33.734,0
          </coordinates>
        </Point>
      </Placemark>
      <Placemark>
        <name>Middle Grounds</name>
        <description>Fishing Spot</description>
        <styleUrl>#icon-503-DB4436</styleUrl>
        <Point>
          <coordinates>
            -117.28,32.43,0
          </coordinates>
        </Point>
      </Placemark>
      <Placemark>
        <name>Middle Kelp - Hard Bottom</name>
        <description>Dana Point</description>
        <styleUrl>#icon-503-DB4436</styleUrl>
        <Point>
          <coordinates>
            -117.6587,33.423,0
          </coordinates>
        </Point>
      </Placemark>
      <Placemark>
        <name>Mission Bay Jetty</name>
        <description>SWYC Fishing Spot</description>
        <styleUrl>#icon-503-DB4436</styleUrl>
        <Point>
          <coordinates>
            -117.2599,32.7576,0
          </coordinates>
        </Point>
      </Placemark>
      <Placemark>
        <name>Mission Bay Park Artificial Kelp Reef</name>
        <description>Kelp</description>
        <styleUrl>#icon-503-DB4436</styleUrl>
        <Point>
          <coordinates>
            -117.2678,32.77,0
          </coordinates>
        </Point>
      </Placemark>
      <Placemark>
        <name>Mission Bay Park Ingrahm Street Bridge Rubble</name>
        <description>Rocky</description>
        <styleUrl>#icon-503-DB4436</styleUrl>
        <Point>
          <coordinates>
            -117.2713,32.7655,0
          </coordinates>
        </Point>
      </Placemark>
      <Placemark>
        <name>Mission Bay Park NEL Tower</name>
        <description>Man-Made Reef</description>
        <styleUrl>#icon-503-DB4436</styleUrl>
        <Point>
          <coordinates>
            -117.2675,32.7728,0
          </coordinates>
        </Point>
      </Placemark>
      <Placemark>
        <name>Mission Bay Park Pier Pilings</name>
        <description>Man-Made Reef</description>
        <styleUrl>#icon-503-DB4436</styleUrl>
        <Point>
          <coordinates>
            -117.2753,32.7642,0
          </coordinates>
        </Point>
      </Placemark>
      <Placemark>
        <name>Mission Beach</name>
        <description>Man-Made Reef</description>
        <styleUrl>#icon-503-DB4436</styleUrl>
        <Point>
          <coordinates>
            -117.2717,32.7705,0
          </coordinates>
        </Point>
      </Placemark>
      <Placemark>
        <name>Monarch Boiler Rocks</name>
        <description>Laguna Beach</description>
        <styleUrl>#icon-503-DB4436</styleUrl>
        <Point>
          <coordinates>
            -117.7345,33.4828,0
          </coordinates>
        </Point>
      </Placemark>
      <Placemark>
        <name>Mushroom</name>
        <description>Fishing Spot</description>
        <styleUrl>#icon-503-DB4436</styleUrl>
        <Point>
          <coordinates>
            -118.5,32.0667,0
          </coordinates>
        </Point>
      </Placemark>
      <Placemark>
        <name>New Hope Rock</name>
        <description>Rocky</description>
        <styleUrl>#icon-503-DB4436</styleUrl>
        <Point>
          <coordinates>
            -117.2665,32.6857,0
          </coordinates>
        </Point>
      </Placemark>
      <Placemark>
        <name>New Pipe</name>
        <description>Fishing Spot</description>
        <styleUrl>#icon-503-DB4436</styleUrl>
        <Point>
          <coordinates>
            -117.9738,33.6107,0
          </coordinates>
        </Point>
      </Placemark>
      <Placemark>
        <name>New Pipe 2</name>
        <description>Fishing Spot</description>
        <styleUrl>#icon-503-DB4436</styleUrl>
        <Point>
          <coordinates>
            -117.9772,33.604,0
          </coordinates>
        </Point>
      </Placemark>
      <Placemark>
        <name>Newport Reef #1</name>
        <description>Newport Beach</description>
        <styleUrl>#icon-503-DB4436</styleUrl>
        <Point>
          <coordinates>
            -117.9633,33.6033,0
          </coordinates>
        </Point>
      </Placemark>
      <Placemark>
        <name>Newport Reef #2</name>
        <description>Newport Beach</description>
        <styleUrl>#icon-503-DB4436</styleUrl>
        <Point>
          <coordinates>
            -117.9587,33.6013,0
          </coordinates>
        </Point>
      </Placemark>
      <Placemark>
        <name>Newport Reef #3</name>
        <description>Newport Beach</description>
        <styleUrl>#icon-503-DB4436</styleUrl>
        <Point>
          <coordinates>
            -117.9583,33.6022,0
          </coordinates>
        </Point>
      </Placemark>
      <Placemark>
        <name>Newport Reef #4</name>
        <description>Newport Beach</description>
        <styleUrl>#icon-503-DB4436</styleUrl>
        <Point>
          <coordinates>
            -117.9573,33.6027,0
          </coordinates>
        </Point>
      </Placemark>
      <Placemark>
        <name>Newport Reef #5</name>
        <description>Newport Beach</description>
        <styleUrl>#icon-503-DB4436</styleUrl>
        <Point>
          <coordinates>
            -117.9588,33.6012,0
          </coordinates>
        </Point>
      </Placemark>
      <Placemark>
        <name>North of North Island rockfish area</name>
        <description>Rocky</description>
        <styleUrl>#icon-503-DB4436</styleUrl>
        <Point>
          <coordinates>
            -117.3,32.4563,0
          </coordinates>
        </Point>
      </Placemark>
      <Placemark>
        <name>North west South Bank</name>
        <description>33.54.000 x 118.36.470 North west South Bank</description>
        <styleUrl>#icon-503-DB4436</styleUrl>
        <Point>
          <coordinates>
            -118.6078,33.9,0
          </coordinates>
        </Point>
      </Placemark>
      <Placemark>
        <name>Northeast Bank</name>
        <description>Fishing Spot</description>
        <styleUrl>#icon-503-DB4436</styleUrl>
        <Point>
          <coordinates>
            -119.64,32.3467,0
          </coordinates>
        </Point>
      </Placemark>
      <Placemark>
        <name>Northwest Corner</name>
        <description>Fishing Spot</description>
        <styleUrl>#icon-503-DB4436</styleUrl>
        <Point>
          <coordinates>
            -117.3077,32.8438,0
          </coordinates>
        </Point>
      </Placemark>
      <Placemark>
        <name>Northwest Harbor</name>
        <description>SWYC Fishing Spot</description>
        <styleUrl>#icon-503-DB4436</styleUrl>
        <Point>
          <coordinates>
            -118.5875,33.0333,0
          </coordinates>
        </Point>
      </Placemark>
      <Placemark>
        <name>Ocean Park Reef</name>
        <description>Man-Made Reef</description>
        <styleUrl>#icon-503-DB4436</styleUrl>
        <Point>
          <coordinates>
            -118.503,33.987,0
          </coordinates>
        </Point>
      </Placemark>
      <Placemark>
        <name>Oceanside Artificial Reef 1 general area</name>
        <description>Man-Made Reef</description>
        <styleUrl>#icon-503-DB4436</styleUrl>
        <Point>
          <coordinates>
            -117.417,33.1828,0
          </coordinates>
        </Point>
      </Placemark>
      <Placemark>
        <name>Oceanside Artificial Reef 2 general area</name>
        <description>Man-Made Reef</description>
        <styleUrl>#icon-503-DB4436</styleUrl>
        <Point>
          <coordinates>
            -117.4345,33.2058,0
          </coordinates>
        </Point>
      </Placemark>
      <Placemark>
        <name>Oceanside Harbor</name>
        <description>SWYC Fishing Spot</description>
        <styleUrl>#icon-503-DB4436</styleUrl>
        <Point>
          <coordinates>
            -117.4,33.2062,0
          </coordinates>
        </Point>
      </Placemark>
      <Placemark>
        <name>Olympic Rock</name>
        <description>Pointe Vincente / LA Harbor / Huntington Beach</description>
        <styleUrl>#icon-503-DB4436</styleUrl>
        <Point>
          <coordinates>
            -118.2347,33.6388,0
          </coordinates>
        </Point>
      </Placemark>
      <Placemark>
        <name>Orange Rocks</name>
        <description>Catalina Island - Backside</description>
        <styleUrl>#icon-503-DB4436</styleUrl>
        <Point>
          <coordinates>
            -118.3405,33.3015,0
          </coordinates>
        </Point>
      </Placemark>
      <Placemark>
        <name>Osborn Bank</name>
        <description>Fishing Spot</description>
        <styleUrl>#icon-503-DB4436</styleUrl>
        <Point>
          <coordinates>
            -119.0417,33.36,0
          </coordinates>
        </Point>
      </Placemark>
      <Placemark>
        <name>Pacific Beach</name>
        <description>Man-Made Reef</description>
        <styleUrl>#icon-503-DB4436</styleUrl>
        <Point>
          <coordinates>
            -117.2763,32.793,0
          </coordinates>
        </Point>
      </Placemark>
      <Placemark>
        <name>Pacific Beach Point</name>
        <description>Fishing Spot</description>
        <styleUrl>#icon-503-DB4436</styleUrl>
        <Point>
          <coordinates>
            -117.2922,32.8102,0
          </coordinates>
        </Point>
      </Placemark>
      <Placemark>
        <name>Palawan Wreck Artificial Reef</name>
        <description>Man-Made Reef</description>
        <styleUrl>#icon-503-DB4436</styleUrl>
        <Point>
          <coordinates>
            -118.4147,33.8236,0
          </coordinates>
        </Point>
      </Placemark>
      <Placemark>
        <name>Palisades</name>
        <description>Catalina Island - Frontside</description>
        <styleUrl>#icon-503-DB4436</styleUrl>
        <Point>
          <coordinates>
            -118.3713,33.322,0
          </coordinates>
        </Point>
      </Placemark>
      <Placemark>
        <name>Paradise Cove</name>
        <description>Santa Monica / Malibu</description>
        <styleUrl>#icon-503-DB4436</styleUrl>
        <Point>
          <coordinates>
            -118.7833,34.0167,0
          </coordinates>
        </Point>
      </Placemark>
      <Placemark>
        <name>Patton Ridge</name>
        <description>Fishing Spot</description>
        <styleUrl>#icon-503-DB4436</styleUrl>
        <Point>
          <coordinates>
            -120.5,33.5,0
          </coordinates>
        </Point>
      </Placemark>
      <Placemark>
        <name>Peanut Bank</name>
        <description>Fishing Spot</description>
        <styleUrl>#icon-503-DB4436</styleUrl>
        <Point>
          <coordinates>
            -116.75,31.3333,0
          </coordinates>
        </Point>
      </Placemark>
      <Placemark>
        <name>Pinnacles</name>
        <description>Laguna Beach</description>
        <styleUrl>#icon-503-DB4436</styleUrl>
        <Point>
          <coordinates>
            -117.7808,33.53,0
          </coordinates>
        </Point>
      </Placemark>
      <Placemark>
        <name>Point La Jolla</name>
        <description>SWYC Fishing Spot</description>
        <styleUrl>#icon-503-DB4436</styleUrl>
        <Point>
          <coordinates>
            -117.2792,32.85,0
          </coordinates>
        </Point>
      </Placemark>
      <Placemark>
        <name>Point Loma Kelp</name>
        <description>Kelp</description>
        <styleUrl>#icon-503-DB4436</styleUrl>
        <Point>
          <coordinates>
            -117.2717,32.7,0
          </coordinates>
        </Point>
      </Placemark>
      <Placemark>
        <name>Point Loma Light</name>
        <description>SWYC Fishing Spot</description>
        <styleUrl>#icon-503-DB4436</styleUrl>
        <Point>
          <coordinates>
            -117.2417,32.6633,0
          </coordinates>
        </Point>
      </Placemark>
      <Placemark>
        <name>Point Loma Pipe</name>
        <description>Man-Made Reef</description>
        <styleUrl>#icon-503-DB4436</styleUrl>
        <Point>
          <coordinates>
            -117.2833,32.6725,0
          </coordinates>
        </Point>
      </Placemark>
      <Placemark>
        <name>Posa Anchorage</name>
        <description>Channel Islands - Weatherside Spots</description>
        <styleUrl>#icon-503-DB4436</styleUrl>
        <Point>
          <coordinates>
            -119.8667,33.9767,0
          </coordinates>
        </Point>
      </Placemark>
      <Placemark>
        <name>Potato Bank</name>
        <description>Fishing Spot</description>
        <styleUrl>#icon-503-DB4436</styleUrl>
        <Point>
          <coordinates>
            -119.8267,33.25,0
          </coordinates>
        </Point>
      </Placemark>
      <Placemark>
        <name>Power Plant / Huntington Beach Artificial Reef</name>
        <description>Man-Made Reef</description>
        <styleUrl>#icon-503-DB4436</styleUrl>
        <Point>
          <coordinates>
            -117.9978,33.6217,0
          </coordinates>
        </Point>
      </Placemark>
      <Placemark>
        <name>Pukey Point</name>
        <description>Fishing Spot</description>
        <styleUrl>#icon-503-DB4436</styleUrl>
        <Point>
          <coordinates>
            -117.3038,32.4475,0
          </coordinates>
        </Point>
      </Placemark>
      <Placemark>
        <name>Punta Banda</name>
        <description>Fishing Spot</description>
        <styleUrl>#icon-503-DB4436</styleUrl>
        <Point>
          <coordinates>
            -116.7333,31.7458,0
          </coordinates>
        </Point>
      </Placemark>
      <Placemark>
        <name>Punta Descanso</name>
        <description>Fishing Spot</description>
        <styleUrl>#icon-503-DB4436</styleUrl>
        <Point>
          <coordinates>
            -117.0315,32.2647,0
          </coordinates>
        </Point>
      </Placemark>
      <Placemark>
        <name>Punta Mesquite</name>
        <description>Fishing Spot</description>
        <styleUrl>#icon-503-DB4436</styleUrl>
        <Point>
          <coordinates>
            -116.9133,32.1597,0
          </coordinates>
        </Point>
      </Placemark>
      <Placemark>
        <name>Punta Salsipuedes</name>
        <description>Fishing Spot</description>
        <styleUrl>#icon-503-DB4436</styleUrl>
        <Point>
          <coordinates>
            -116.8335,31.9731,0
          </coordinates>
        </Point>
      </Placemark>
      <Placemark>
        <name>Purse Seine Rock</name>
        <description>San Clemente Island</description>
        <styleUrl>#icon-503-DB4436</styleUrl>
        <Point>
          <coordinates>
            -118.4125,32.8705,0
          </coordinates>
        </Point>
      </Placemark>
      <Placemark>
        <name>Pyramid Cove</name>
        <description>San Clemente Island</description>
        <styleUrl>#icon-503-DB4436</styleUrl>
        <Point>
          <coordinates>
            -118.3833,32.8167,0
          </coordinates>
        </Point>
      </Placemark>
      <Placemark>
        <name>Pyramid Cove Anchorage</name>
        <description>SWYC Fishing Spot</description>
        <styleUrl>#icon-503-DB4436</styleUrl>
        <Point>
          <coordinates>
            -118.3979,32.8146,0
          </coordinates>
        </Point>
      </Placemark>
      <Placemark>
        <name>Pyramid Head</name>
        <description>SWYC Fishing Spot</description>
        <styleUrl>#icon-503-DB4436</styleUrl>
        <Point>
          <coordinates>
            -118.35,32.8167,0
          </coordinates>
        </Point>
      </Placemark>
      <Placemark>
        <name>Pyramid Reef</name>
        <description>San Clemente Island</description>
        <styleUrl>#icon-503-DB4436</styleUrl>
        <Point>
          <coordinates>
            -118.3583,32.8,0
          </coordinates>
        </Point>
      </Placemark>
      <Placemark>
        <name>Redondo Beach Artificial Reef Center</name>
        <description>Man-Made Reef</description>
        <styleUrl>#icon-503-DB4436</styleUrl>
        <Point>
          <coordinates>
            -118.4089,33.8372,0
          </coordinates>
        </Point>
      </Placemark>
      <Placemark>
        <name>Redondo Canyon West Wall</name>
        <description>Fishing Spot</description>
        <styleUrl>#icon-503-DB4436</styleUrl>
        <Point>
          <coordinates>
            -118.4367,33.834,0
          </coordinates>
        </Point>
      </Placemark>
      <Placemark>
        <name>Reef #1 - 65 ft</name>
        <description>Marina Del Rey</description>
        <styleUrl>#icon-503-DB4436</styleUrl>
        <Point>
          <coordinates>
            -118.4862,33.965,0
          </coordinates>
        </Point>
      </Placemark>
      <Placemark>
        <name>Reef #2 - 65 ft</name>
        <description>Marina Del Rey</description>
        <styleUrl>#icon-503-DB4436</styleUrl>
        <Point>
          <coordinates>
            -118.4863,33.9683,0
          </coordinates>
        </Point>
      </Placemark>
      <Placemark>
        <name>Ribbon Kelp</name>
        <description>Kelp</description>
        <styleUrl>#icon-503-DB4436</styleUrl>
        <Point>
          <coordinates>
            -117.2313,32.4133,0
          </coordinates>
        </Point>
      </Placemark>
      <Placemark>
        <name>Ribbon Rock</name>
        <description>Catalina Island - Backside</description>
        <styleUrl>#icon-503-DB4436</styleUrl>
        <Point>
          <coordinates>
            -118.5722,33.44,0
          </coordinates>
        </Point>
      </Placemark>
      <Placemark>
        <name>Rock Quarry</name>
        <description>Catalina Island - Frontside</description>
        <styleUrl>#icon-503-DB4436</styleUrl>
        <Point>
          <coordinates>
            -118.4662,33.4423,0
          </coordinates>
        </Point>
      </Placemark>
      <Placemark>
        <name>Rockpile</name>
        <description>Rocky</description>
        <styleUrl>#icon-503-DB4436</styleUrl>
        <Point>
          <coordinates>
            -117.175,32.2917,0
          </coordinates>
        </Point>
      </Placemark>
      <Placemark>
        <name>Rockpile #2</name>
        <description>Rocky</description>
        <styleUrl>#icon-503-DB4436</styleUrl>
        <Point>
          <coordinates>
            -117.1583,32.2833,0
          </coordinates>
        </Point>
      </Placemark>
      <Placemark>
        <name>Rocky Point 85ft</name>
        <description>Pointe Vincente / LA Harbor / Huntington Beach</description>
        <styleUrl>#icon-503-DB4436</styleUrl>
        <Point>
          <coordinates>
            -118.4387,33.771,0
          </coordinates>
        </Point>
      </Placemark>
      <Placemark>
        <name>Rocky Point Pinnacle 25ft</name>
        <description>Pointe Vincente / LA Harbor / Huntington Beach</description>
        <styleUrl>#icon-503-DB4436</styleUrl>
        <Point>
          <coordinates>
            -118.4297,33.777,0
          </coordinates>
        </Point>
      </Placemark>
      <Placemark>
        <name>Rodriguez Seamount</name>
        <description>Fishing Spot</description>
        <styleUrl>#icon-503-DB4436</styleUrl>
        <Point>
          <coordinates>
            -121.05,34.0467,0
          </coordinates>
        </Point>
      </Placemark>
      <Placemark>
        <name>Rosarito Flats</name>
        <description>Big Area</description>
        <styleUrl>#icon-503-DB4436</styleUrl>
        <Point>
          <coordinates>
            -117.1083,32.35,0
          </coordinates>
        </Point>
      </Placemark>
      <Placemark>
        <name>Salt Creek</name>
        <description>Laguna Beach</description>
        <styleUrl>#icon-503-DB4436</styleUrl>
        <Point>
          <coordinates>
            -117.723,33.4775,0
          </coordinates>
        </Point>
      </Placemark>
      <Placemark>
        <name>Salta Verde</name>
        <description>Catalina Island - Backside</description>
        <styleUrl>#icon-503-DB4436</styleUrl>
        <Point>
          <coordinates>
            -118.4213,33.3138,0
          </coordinates>
        </Point>
      </Placemark>
      <Placemark>
        <name>San Clemente Artificial Reef</name>
        <description>Man-Made Reef</description>
        <styleUrl>#icon-503-DB4436</styleUrl>
        <Point>
          <coordinates>
            -117.62,33.3982,0
          </coordinates>
        </Point>
      </Placemark>
      <Placemark>
        <name>San Clemente Kelp</name>
        <description>Kelp</description>
        <styleUrl>#icon-503-DB4436</styleUrl>
        <Point>
          <coordinates>
            -117.6357,33.4075,0
          </coordinates>
        </Point>
      </Placemark>
      <Placemark>
        <name>San Juan Seamount</name>
        <description>Fishing Spot</description>
        <styleUrl>#icon-503-DB4436</styleUrl>
        <Point>
          <coordinates>
            -120.9767,33.0633,0
          </coordinates>
        </Point>
      </Placemark>
      <Placemark>
        <name>San Mateo Point</name>
        <description>Dana Point</description>
        <styleUrl>#icon-503-DB4436</styleUrl>
        <Point>
          <coordinates>
            -117.6133,33.3827,0
          </coordinates>
        </Point>
      </Placemark>
      <Placemark>
        <name>San Onofre</name>
        <description>Dana Point</description>
        <styleUrl>#icon-503-DB4436</styleUrl>
        <Point>
          <coordinates>
            -117.5675,33.348,0
          </coordinates>
        </Point>
      </Placemark>
      <Placemark>
        <name>San Salvador Knoll</name>
        <description>Fishing Spot</description>
        <styleUrl>#icon-503-DB4436</styleUrl>
        <Point>
          <coordinates>
            -117.9,32.3167,0
          </coordinates>
        </Point>
      </Placemark>
      <Placemark>
        <name>Sand Bass Junction</name>
        <description>Pointe Vincente / LA Harbor / Huntington Beach</description>
        <styleUrl>#icon-503-DB4436</styleUrl>
        <Point>
          <coordinates>
            -118.1288,33.6843,0
          </coordinates>
        </Point>
      </Placemark>
      <Placemark>
        <name>Santa Barbara Island Light</name>
        <description>SWYC Fishing Spot</description>
        <styleUrl>#icon-503-DB4436</styleUrl>
        <Point>
          <coordinates>
            -119.03,33.4867,0
          </coordinates>
        </Point>
      </Placemark>
      <Placemark>
        <name>Santa Monica Artificial Reef</name>
        <description>Santa Monica / Malibu</description>
        <styleUrl>#icon-503-DB4436</styleUrl>
        <Point>
          <coordinates>
            -118.5297,34.0095,0
          </coordinates>
        </Point>
      </Placemark>
      <Placemark>
        <name>Santa Monica Bay Artificial Reef</name>
        <description>Santa Monica / Malibu</description>
        <styleUrl>#icon-503-DB4436</styleUrl>
        <Point>
          <coordinates>
            -118.5425,34.013,0
          </coordinates>
        </Point>
      </Placemark>
      <Placemark>
        <name>Santa Rosa Reef</name>
        <description>Channel Islands - Santa Rosa Island</description>
        <styleUrl>#icon-503-DB4436</styleUrl>
        <Point>
          <coordinates>
            -120.236,33.9675,0
          </coordinates>
        </Point>
      </Placemark>
      <Placemark>
        <name>Sculpin Hardbottom Area</name>
        <description>Fishing Spot</description>
        <styleUrl>#icon-503-DB4436</styleUrl>
        <Point>
          <coordinates>
            -118.525,33.8858,0
          </coordinates>
        </Point>
      </Placemark>
      <Placemark>
        <name>Seabass Rock 75ft</name>
        <description>Pointe Vincente / LA Harbor / Huntington Beach</description>
        <styleUrl>#icon-503-DB4436</styleUrl>
        <Point>
          <coordinates>
            -118.4353,33.4388,0
          </coordinates>
        </Point>
      </Placemark>
      <Placemark>
        <name>Seal Rock</name>
        <description>Laguna Beach</description>
        <styleUrl>#icon-503-DB4436</styleUrl>
        <Point>
          <coordinates>
            -117.8057,33.5447,0
          </coordinates>
        </Point>
      </Placemark>
      <Placemark>
        <name>Seal Rocks</name>
        <description>Catalina Island - Backside</description>
        <styleUrl>#icon-503-DB4436</styleUrl>
        <Point>
          <coordinates>
            -118.3057,33.3062,0
          </coordinates>
        </Point>
      </Placemark>
      <Placemark>
        <name>Seal Rocks</name>
        <description>Rocky</description>
        <styleUrl>#icon-503-DB4436</styleUrl>
        <Point>
          <coordinates>
            -117.6177,33.4047,0
          </coordinates>
        </Point>
      </Placemark>
      <Placemark>
        <name>Sentinel Rock</name>
        <description>Catalina Island - Backside</description>
        <styleUrl>#icon-503-DB4436</styleUrl>
        <Point>
          <coordinates>
            -118.4883,33.368,0
          </coordinates>
        </Point>
      </Placemark>
      <Placemark>
        <name>Shiners</name>
        <description>Catalina Island - Frontside</description>
        <styleUrl>#icon-503-DB4436</styleUrl>
        <Point>
          <coordinates>
            -118.5928,33.476,0
          </coordinates>
        </Point>
      </Placemark>
      <Placemark>
        <name>Short Bank</name>
        <description>33.54.960 x 118.33.170 Short Bank</description>
        <styleUrl>#icon-503-DB4436</styleUrl>
        <Point>
          <coordinates>
            -118.5528,33.916,0
          </coordinates>
        </Point>
      </Placemark>
      <Placemark>
        <name>Silver Canyon</name>
        <description>Catalina Island - Backside</description>
        <styleUrl>#icon-503-DB4436</styleUrl>
        <Point>
          <coordinates>
            -118.3915,33.3183,0
          </coordinates>
        </Point>
      </Placemark>
      <Placemark>
        <name>Slide - Quarry</name>
        <description>Catalina Island - Frontside</description>
        <styleUrl>#icon-503-DB4436</styleUrl>
        <Point>
          <coordinates>
            -118.3038,33.322,0
          </coordinates>
        </Point>
      </Placemark>
      <Placemark>
        <name><![CDATA[Smuggler's Cove]]></name>
        <description>Channel Islands - Santa Cruz Island</description>
        <styleUrl>#icon-503-DB4436</styleUrl>
        <Point>
          <coordinates>
            -119.5373,34.0223,0
          </coordinates>
        </Point>
      </Placemark>
      <Placemark>
        <name>Sniffer</name>
        <description>Fishing Spot</description>
        <styleUrl>#icon-503-DB4436</styleUrl>
        <Point>
          <coordinates>
            -118.4153,31.0995,0
          </coordinates>
        </Point>
      </Placemark>
      <Placemark>
        <name>South Bank 33 Fathoms</name>
        <description>33.53.000 x 118.33.810 South Bank 33 Fathoms</description>
        <styleUrl>#icon-503-DB4436</styleUrl>
        <Point>
          <coordinates>
            -118.5635,33.8833,0
          </coordinates>
        </Point>
      </Placemark>
      <Placemark>
        <name>South Bank Bumps</name>
        <description>33.53.900 x 118.34.870 South Bank Bumps</description>
        <styleUrl>#icon-503-DB4436</styleUrl>
        <Point>
          <coordinates>
            -118.5812,33.8983,0
          </coordinates>
        </Point>
      </Placemark>
      <Placemark>
        <name>South Bank Outside Edge</name>
        <description>33.52.830 x 118.37.120 South Bank Outside Edge</description>
        <styleUrl>#icon-503-DB4436</styleUrl>
        <Point>
          <coordinates>
            -118.6187,33.8805,0
          </coordinates>
        </Point>
      </Placemark>
      <Placemark>
        <name>South Bank West</name>
        <description>33.53.520 x 118.35.640 South Bank West</description>
        <styleUrl>#icon-503-DB4436</styleUrl>
        <Point>
          <coordinates>
            -118.594,33.892,0
          </coordinates>
        </Point>
      </Placemark>
      <Placemark>
        <name>South East Bank</name>
        <description>Pointe Vincente / LA Harbor / Huntington Beach</description>
        <styleUrl>#icon-503-DB4436</styleUrl>
        <Point>
          <coordinates>
            -118.1387,33.5688,0
          </coordinates>
        </Point>
      </Placemark>
      <Placemark>
        <name>South Island Anchorage</name>
        <description>SWYC Fishing Spot</description>
        <styleUrl>#icon-503-DB4436</styleUrl>
        <Point>
          <coordinates>
            -117.2375,32.4,0
          </coordinates>
        </Point>
      </Placemark>
      <Placemark>
        <name>South Kelp Ridge (SKR)</name>
        <description>Kelp</description>
        <styleUrl>#icon-503-DB4436</styleUrl>
        <Point>
          <coordinates>
            -117.221,32.3667,0
          </coordinates>
        </Point>
      </Placemark>
      <Placemark>
        <name>Southwestern Yacht Club</name>
        <description>SWYC Fishing Spot</description>
        <styleUrl>#icon-1197</styleUrl>
        <Point>
          <coordinates>
            -117.2325,32.7145,0
          </coordinates>
        </Point>
      </Placemark>
      <Placemark>
        <name>Star of Scotland Shipwreck</name>
        <description>Santa Monica / Malibu</description>
        <styleUrl>#icon-503-DB4436</styleUrl>
        <Point>
          <coordinates>
            -118.5212,33.992,0
          </coordinates>
        </Point>
      </Placemark>
      <Placemark>
        <name>Starlight</name>
        <description>Catalina Island - Frontside</description>
        <styleUrl>#icon-503-DB4436</styleUrl>
        <Point>
          <coordinates>
            -118.5983,33.48,0
          </coordinates>
        </Point>
      </Placemark>
      <Placemark>
        <name>Streets</name>
        <description>Fishing Spot</description>
        <styleUrl>#icon-503-DB4436</styleUrl>
        <Point>
          <coordinates>
            -117.2982,32.8323,0
          </coordinates>
        </Point>
      </Placemark>
      <Placemark>
        <name>Sugarloaf Rock</name>
        <description>Rocky</description>
        <styleUrl>#icon-503-DB4436</styleUrl>
        <Point>
          <coordinates>
            -116.9636,32.2228,0
          </coordinates>
        </Point>
      </Placemark>
      <Placemark>
        <name>Sverdrup Bank</name>
        <description>Fishing Spot</description>
        <styleUrl>#icon-503-DB4436</styleUrl>
        <Point>
          <coordinates>
            -120.45,33.1472,0
          </coordinates>
        </Point>
      </Placemark>
      <Placemark>
        <name>SW Bank 40 Fathoms</name>
        <description>33.52.070 x 118.34.950 SW Bank 40 Fathoms</description>
        <styleUrl>#icon-503-DB4436</styleUrl>
        <Point>
          <coordinates>
            -118.5825,33.8678,0
          </coordinates>
        </Point>
      </Placemark>
      <Placemark>
        <name>SW Corner</name>
        <description>Fishing Spot</description>
        <styleUrl>#icon-503-DB4436</styleUrl>
        <Point>
          <coordinates>
            -117.2967,32.8065,0
          </coordinates>
        </Point>
      </Placemark>
      <Placemark>
        <name>SW Corner of Round Kelp</name>
        <description>Kelp</description>
        <styleUrl>#icon-503-DB4436</styleUrl>
        <Point>
          <coordinates>
            -117.2982,32.8405,0
          </coordinates>
        </Point>
      </Placemark>
      <Placemark>
        <name><![CDATA[Swami's Reef]]></name>
        <description>Fishing Spot</description>
        <styleUrl>#icon-503-DB4436</styleUrl>
        <Point>
          <coordinates>
            -117.3,33.0333,0
          </coordinates>
        </Point>
      </Placemark>
      <Placemark>
        <name>Tanner Bank</name>
        <description>Fishing Spot</description>
        <styleUrl>#icon-503-DB4436</styleUrl>
        <Point>
          <coordinates>
            -119.1333,32.7,0
          </coordinates>
        </Point>
      </Placemark>
      <Placemark>
        <name>The 270 Spot - Rockfish</name>
        <description>Rocky</description>
        <styleUrl>#icon-503-DB4436</styleUrl>
        <Point>
          <coordinates>
            -117.3482,32.7785,0
          </coordinates>
        </Point>
      </Placemark>
      <Placemark>
        <name>The 3/4 Spot</name>
        <description>Fishing Spot</description>
        <styleUrl>#icon-503-DB4436</styleUrl>
        <Point>
          <coordinates>
            -117.2958,32.8453,0
          </coordinates>
        </Point>
      </Placemark>
      <Placemark>
        <name>The 32 Spot - Rockfish</name>
        <description>Rocky</description>
        <styleUrl>#icon-503-DB4436</styleUrl>
        <Point>
          <coordinates>
            -117.3325,32.8458,0
          </coordinates>
        </Point>
      </Placemark>
      <Placemark>
        <name>The Airplane (Rockfish Area)</name>
        <description>Rocky</description>
        <styleUrl>#icon-503-DB4436</styleUrl>
        <Point>
          <coordinates>
            -117.3077,32.7595,0
          </coordinates>
        </Point>
      </Placemark>
      <Placemark>
        <name>The Arch</name>
        <description>Channel Islands - Anacapa Island</description>
        <styleUrl>#icon-503-DB4436</styleUrl>
        <Point>
          <coordinates>
            -119.3535,34.0173,0
          </coordinates>
        </Point>
      </Placemark>
      <Placemark>
        <name>The Boot</name>
        <description>Fishing Spot</description>
        <styleUrl>#icon-503-DB4436</styleUrl>
        <Point>
          <coordinates>
            -118.7056,33.7306,0
          </coordinates>
        </Point>
      </Placemark>
      <Placemark>
        <name>The Bump</name>
        <description>Fishing Spot</description>
        <styleUrl>#icon-503-DB4436</styleUrl>
        <Point>
          <coordinates>
            -117.2818,32.8582,0
          </coordinates>
        </Point>
      </Placemark>
      <Placemark>
        <name>The Caves</name>
        <description>San Clemente Island</description>
        <styleUrl>#icon-503-DB4436</styleUrl>
        <Point>
          <coordinates>
            -118.4028,32.8075,0
          </coordinates>
        </Point>
      </Placemark>
      <Placemark>
        <name>The Corner</name>
        <description>Fishing Spot</description>
        <styleUrl>#icon-503-DB4436</styleUrl>
        <Point>
          <coordinates>
            -117.8233,32.6267,0
          </coordinates>
        </Point>
      </Placemark>
      <Placemark>
        <name>The Cove</name>
        <description>Fishing Spot</description>
        <styleUrl>#icon-503-DB4436</styleUrl>
        <Point>
          <coordinates>
            -117.277,32.8557,0
          </coordinates>
        </Point>
      </Placemark>
      <Placemark>
        <name>The Donut</name>
        <description>Fishing Spot</description>
        <styleUrl>#icon-503-DB4436</styleUrl>
        <Point>
          <coordinates>
            -121.65,34.75,0
          </coordinates>
        </Point>
      </Placemark>
      <Placemark>
        <name>The Dropoff</name>
        <description>Fishing Spot</description>
        <styleUrl>#icon-503-DB4436</styleUrl>
        <Point>
          <coordinates>
            -117.262,32.6525,0
          </coordinates>
        </Point>
      </Placemark>
      <Placemark>
        <name>The Gap</name>
        <description>Channel Islands - Anacapa Island</description>
        <styleUrl>#icon-503-DB4436</styleUrl>
        <Point>
          <coordinates>
            -119.4917,32.025,0
          </coordinates>
        </Point>
      </Placemark>
      <Placemark>
        <name>The Half Spot</name>
        <description>Fishing Spot</description>
        <styleUrl>#icon-503-DB4436</styleUrl>
        <Point>
          <coordinates>
            -117.2937,32.8537,0
          </coordinates>
        </Point>
      </Placemark>
      <Placemark>
        <name>The Lab</name>
        <description>Fishing Spot</description>
        <styleUrl>#icon-503-DB4436</styleUrl>
        <Point>
          <coordinates>
            -117.2718,32.6908,0
          </coordinates>
        </Point>
      </Placemark>
      <Placemark>
        <name>The Nipple</name>
        <description>San Clemente Island</description>
        <styleUrl>#icon-503-DB4436</styleUrl>
        <Point>
          <coordinates>
            -118.525,32.8,0
          </coordinates>
        </Point>
      </Placemark>
      <Placemark>
        <name>The Pistol</name>
        <description>Fishing Spot</description>
        <styleUrl>#icon-503-DB4436</styleUrl>
        <Point>
          <coordinates>
            -119.0667,31.75,0
          </coordinates>
        </Point>
      </Placemark>
      <Placemark>
        <name>The Slide</name>
        <description>Fishing Spot</description>
        <styleUrl>#icon-503-DB4436</styleUrl>
        <Point>
          <coordinates>
            -118.2445,33.2833,0
          </coordinates>
        </Point>
      </Placemark>
      <Placemark>
        <name>The Snail (267)</name>
        <description>Fishing Spot</description>
        <styleUrl>#icon-503-DB4436</styleUrl>
        <Point>
          <coordinates>
            -118.865,33.2417,0
          </coordinates>
        </Point>
      </Placemark>
      <Placemark>
        <name>The Worm</name>
        <description>Fishing Spot</description>
        <styleUrl>#icon-503-DB4436</styleUrl>
        <Point>
          <coordinates>
            -119.0167,31.9833,0
          </coordinates>
        </Point>
      </Placemark>
      <Placemark>
        <name>Thousand Steps</name>
        <description>Laguna Beach</description>
        <styleUrl>#icon-503-DB4436</styleUrl>
        <Point>
          <coordinates>
            -117.7443,33.4948,0
          </coordinates>
        </Point>
      </Placemark>
      <Placemark>
        <name>Todos Santos Light</name>
        <description>SWYC Fishing Spot</description>
        <styleUrl>#icon-503-DB4436</styleUrl>
        <Point>
          <coordinates>
            -116.8125,31.8125,0
          </coordinates>
        </Point>
      </Placemark>
      <Placemark>
        <name>Topanga Artificial Reef</name>
        <description>Santa Monica / Malibu</description>
        <styleUrl>#icon-503-DB4436</styleUrl>
        <Point>
          <coordinates>
            -118.5325,34.0272,0
          </coordinates>
        </Point>
      </Placemark>
      <Placemark>
        <name>Torrey Pines #1</name>
        <description>Man-Made Reef</description>
        <styleUrl>#icon-503-DB4436</styleUrl>
        <Point>
          <coordinates>
            -117.2638,32.8867,0
          </coordinates>
        </Point>
      </Placemark>
      <Placemark>
        <name>Torrey Pines #2</name>
        <description>Man-Made Reef</description>
        <styleUrl>#icon-503-DB4436</styleUrl>
        <Point>
          <coordinates>
            -117.2597,32.893,0
          </coordinates>
        </Point>
      </Placemark>
      <Placemark>
        <name>Torrey Pines Artificial Reef 1</name>
        <description>Man-Made Reef</description>
        <styleUrl>#icon-503-DB4436</styleUrl>
        <Point>
          <coordinates>
            -117.2639,32.8867,0
          </coordinates>
        </Point>
      </Placemark>
      <Placemark>
        <name>Torrey Pines Artificial Reef 1A</name>
        <description>Man-Made Reef</description>
        <styleUrl>#icon-503-DB4436</styleUrl>
        <Point>
          <coordinates>
            -117.2783,32.7889,0
          </coordinates>
        </Point>
      </Placemark>
      <Placemark>
        <name>Torrey Pines Artificial Reef 1B</name>
        <description>Man-Made Reef</description>
        <styleUrl>#icon-503-DB4436</styleUrl>
        <Point>
          <coordinates>
            -117.275,32.79,0
          </coordinates>
        </Point>
      </Placemark>
      <Placemark>
        <name>Torrey Pines Artificial Reef 1C</name>
        <description>Man-Made Reef</description>
        <styleUrl>#icon-503-DB4436</styleUrl>
        <Point>
          <coordinates>
            -117.27,32.7917,0
          </coordinates>
        </Point>
      </Placemark>
      <Placemark>
        <name>Torrey Pines Artificial Reef 2</name>
        <description>Man-Made Reef</description>
        <styleUrl>#icon-503-DB4436</styleUrl>
        <Point>
          <coordinates>
            -117.2597,32.8931,0
          </coordinates>
        </Point>
      </Placemark>
      <Placemark>
        <name>Torrey Pines Artificial Reef 2A</name>
        <description>Man-Made Reef</description>
        <styleUrl>#icon-503-DB4436</styleUrl>
        <Point>
          <coordinates>
            -117.2792,32.7903,0
          </coordinates>
        </Point>
      </Placemark>
      <Placemark>
        <name>Torrey Pines Artificial Reef 2B</name>
        <description>Man-Made Reef</description>
        <styleUrl>#icon-503-DB4436</styleUrl>
        <Point>
          <coordinates>
            -117.275,32.7917,0
          </coordinates>
        </Point>
      </Placemark>
      <Placemark>
        <name>Torrey Pines Artificial Reef 2C</name>
        <description>Man-Made Reef</description>
        <styleUrl>#icon-503-DB4436</styleUrl>
        <Point>
          <coordinates>
            -117.27,32.7933,0
          </coordinates>
        </Point>
      </Placemark>
      <Placemark>
        <name>Torrey Pines Artificial Reef 3A</name>
        <description>Man-Made Reef</description>
        <styleUrl>#icon-503-DB4436</styleUrl>
        <Point>
          <coordinates>
            -117.2806,32.7931,0
          </coordinates>
        </Point>
      </Placemark>
      <Placemark>
        <name>Torrey Pines Artificial Reef 3B</name>
        <description>Man-Made Reef</description>
        <styleUrl>#icon-503-DB4436</styleUrl>
        <Point>
          <coordinates>
            -117.2761,32.7939,0
          </coordinates>
        </Point>
      </Placemark>
      <Placemark>
        <name>Torrey Pines Artificial Reef 3C</name>
        <description>Man-Made Reef</description>
        <styleUrl>#icon-503-DB4436</styleUrl>
        <Point>
          <coordinates>
            -117.2706,32.7956,0
          </coordinates>
        </Point>
      </Placemark>
      <Placemark>
        <name>Torrey Pines Artificial Reef 4A</name>
        <description>Man-Made Reef</description>
        <styleUrl>#icon-503-DB4436</styleUrl>
        <Point>
          <coordinates>
            -117.282,32.7945,0
          </coordinates>
        </Point>
      </Placemark>
      <Placemark>
        <name>Torrey Pines Artificial Reef 4B</name>
        <description>Man-Made Reef</description>
        <styleUrl>#icon-503-DB4436</styleUrl>
        <Point>
          <coordinates>
            -117.2764,32.7989,0
          </coordinates>
        </Point>
      </Placemark>
      <Placemark>
        <name>Torrey Pines Artificial Reef 4C</name>
        <description>Man-Made Reef</description>
        <styleUrl>#icon-503-DB4436</styleUrl>
        <Point>
          <coordinates>
            -117.2717,32.7972,0
          </coordinates>
        </Point>
      </Placemark>
      <Placemark>
        <name>Twin Towers - Halibut</name>
        <description>Santa Monica / Malibu</description>
        <styleUrl>#icon-503-DB4436</styleUrl>
        <Point>
          <coordinates>
            -118.4833,33.9833,0
          </coordinates>
        </Point>
      </Placemark>
      <Placemark>
        <name>UFB 27 Fathom Spot</name>
        <description>Rocky</description>
        <styleUrl>#icon-503-DB4436</styleUrl>
        <Point>
          <coordinates>
            -117.1183,32.2333,0
          </coordinates>
        </Point>
      </Placemark>
      <Placemark>
        <name>UFB 71 Fathom Spot</name>
        <description>Rocky</description>
        <styleUrl>#icon-503-DB4436</styleUrl>
        <Point>
          <coordinates>
            -117.1888,32.2413,0
          </coordinates>
        </Point>
      </Placemark>
      <Placemark>
        <name>UFB Rockfish 180ft</name>
        <description>Rocky</description>
        <styleUrl>#icon-503-DB4436</styleUrl>
        <Point>
          <coordinates>
            -117.1745,32.2727,0
          </coordinates>
        </Point>
      </Placemark>
      <Placemark>
        <name>UFB Rockfish 240ft</name>
        <description>Rocky</description>
        <styleUrl>#icon-503-DB4436</styleUrl>
        <Point>
          <coordinates>
            -117.171,32.2522,0
          </coordinates>
        </Point>
      </Placemark>
      <Placemark>
        <name>UFB Rockfish 300ft</name>
        <description>Rocky</description>
        <styleUrl>#icon-503-DB4436</styleUrl>
        <Point>
          <coordinates>
            -117.1825,32.2518,0
          </coordinates>
        </Point>
      </Placemark>
      <Placemark>
        <name>Under the light</name>
        <description>Catalina Island - Backside</description>
        <styleUrl>#icon-503-DB4436</styleUrl>
        <Point>
          <coordinates>
            -118.3167,33.2993,0
          </coordinates>
        </Point>
      </Placemark>
      <Placemark>
        <name>Upper 500</name>
        <description>Fishing Spot</description>
        <styleUrl>#icon-503-DB4436</styleUrl>
        <Point>
          <coordinates>
            -117.5,31.7667,0
          </coordinates>
        </Point>
      </Placemark>
      <Placemark>
        <name>Upper Cross</name>
        <description>Fishing Spot</description>
        <styleUrl>#icon-503-DB4436</styleUrl>
        <Point>
          <coordinates>
            -118,32,0
          </coordinates>
        </Point>
      </Placemark>
      <Placemark>
        <name>Upper Finger</name>
        <description>Fishing Spot</description>
        <styleUrl>#icon-503-DB4436</styleUrl>
        <Point>
          <coordinates>
            -117.0733,32.1133,0
          </coordinates>
        </Point>
      </Placemark>
      <Placemark>
        <name>Upper Hidden Bank</name>
        <description>Fishing Spot</description>
        <styleUrl>#icon-503-DB4436</styleUrl>
        <Point>
          <coordinates>
            -117.4667,32.05,0
          </coordinates>
        </Point>
      </Placemark>
      <Placemark>
        <name>Variety Kelp</name>
        <description>Kelp</description>
        <styleUrl>#icon-503-DB4436</styleUrl>
        <Point>
          <coordinates>
            -117.2818,32.8018,0
          </coordinates>
        </Point>
      </Placemark>
      <Placemark>
        <name>Venice Pier Reef</name>
        <description>Marina Del Rey</description>
        <styleUrl>#icon-503-DB4436</styleUrl>
        <Point>
          <coordinates>
            -118.4767,33.985,0
          </coordinates>
        </Point>
      </Placemark>
      <Placemark>
        <name>Venice Reef</name>
        <description>Man-Made Reef</description>
        <styleUrl>#icon-503-DB4436</styleUrl>
        <Point>
          <coordinates>
            -118.4933,33.9783,0
          </coordinates>
        </Point>
      </Placemark>
      <Placemark>
        <name>Vicente Outside Rock 80ft</name>
        <description>Pointe Vincente / LA Harbor / Huntington Beach</description>
        <styleUrl>#icon-503-DB4436</styleUrl>
        <Point>
          <coordinates>
            -118.415,33.7388,0
          </coordinates>
        </Point>
      </Placemark>
      <Placemark>
        <name>West Beach</name>
        <description>Catalina Island - Frontside</description>
        <styleUrl>#icon-503-DB4436</styleUrl>
        <Point>
          <coordinates>
            -118.587,33.475,0
          </coordinates>
        </Point>
      </Placemark>
      <Placemark>
        <name>West Butterfly (162)</name>
        <description>SWYC Fishing Spot</description>
        <styleUrl>#icon-503-DB4436</styleUrl>
        <Point>
          <coordinates>
            -118.2917,32.3667,0
          </coordinates>
        </Point>
      </Placemark>
      <Placemark>
        <name>West Cove</name>
        <description>San Clemente Island</description>
        <styleUrl>#icon-503-DB4436</styleUrl>
        <Point>
          <coordinates>
            -118.5945,33.0083,0
          </coordinates>
        </Point>
      </Placemark>
      <Placemark>
        <name>West End</name>
        <description>Catalina Island - Backside</description>
        <styleUrl>#icon-503-DB4436</styleUrl>
        <Point>
          <coordinates>
            -118.6033,33.4788,0
          </coordinates>
        </Point>
      </Placemark>
      <Placemark>
        <name>West End</name>
        <description>Channel Islands - Anacapa Island</description>
        <styleUrl>#icon-503-DB4436</styleUrl>
        <Point>
          <coordinates>
            -119.45,34.0167,0
          </coordinates>
        </Point>
      </Placemark>
      <Placemark>
        <name>West End (Castle Rock)</name>
        <description>San Clemente Island</description>
        <styleUrl>#icon-503-DB4436</styleUrl>
        <Point>
          <coordinates>
            -118.613,33.0345,0
          </coordinates>
        </Point>
      </Placemark>
      <Placemark>
        <name>West End (Catalina)</name>
        <description>SWYC Fishing Spot</description>
        <styleUrl>#icon-503-DB4436</styleUrl>
        <Point>
          <coordinates>
            -118.6113,33.4792,0
          </coordinates>
        </Point>
      </Placemark>
      <Placemark>
        <name>White Rock</name>
        <description>Rocky</description>
        <styleUrl>#icon-503-DB4436</styleUrl>
        <Point>
          <coordinates>
            -117.2358,32.4102,0
          </coordinates>
        </Point>
      </Placemark>
      <Placemark>
        <name>White Rock</name>
        <description>San Clemente Island</description>
        <styleUrl>#icon-503-DB4436</styleUrl>
        <Point>
          <coordinates>
            -118.4393,32.893,0
          </coordinates>
        </Point>
      </Placemark>
      <Placemark>
        <name>White Spot</name>
        <description>San Clemente Island</description>
        <styleUrl>#icon-503-DB4436</styleUrl>
        <Point>
          <coordinates>
            -118.517,33.0367,0
          </coordinates>
        </Point>
      </Placemark>
      <Placemark>
        <name>Whitefish</name>
        <description>San Clemente Island</description>
        <styleUrl>#icon-503-DB4436</styleUrl>
        <Point>
          <coordinates>
            -118.5647,32.9488,0
          </coordinates>
        </Point>
      </Placemark>
      <Placemark>
        <name>Widow Rock</name>
        <description>Rocky</description>
        <styleUrl>#icon-503-DB4436</styleUrl>
        <Point>
          <coordinates>
            -117.3695,32.7662,0
          </coordinates>
        </Point>
      </Placemark>
      <Placemark>
        <name>Windansea</name>
        <description>Stay north of MPA at 32.8262</description>
        <styleUrl>#icon-503-DB4436</styleUrl>
        <Point>
          <coordinates>
            -117.2918,32.8286,0
          </coordinates>
        </Point>
      </Placemark>
      <Placemark>
        <name>Worm Bank</name>
        <description>SWYC Fishing Spot</description>
        <styleUrl>#icon-503-DB4436</styleUrl>
        <Point>
          <coordinates>
            -116.8,31.5833,0
          </coordinates>
        </Point>
      </Placemark>
      <Placemark>
        <name>Yellow Banks</name>
        <description>Channel Islands - Santa Cruz Island</description>
        <styleUrl>#icon-503-DB4436</styleUrl>
        <Point>
          <coordinates>
            -119.4885,34.0247,0
          </coordinates>
        </Point>
      </Placemark>
      <Placemark>
        <name>Yellow Bluff</name>
        <description>Channel Islands - Santa Cruz Island</description>
        <styleUrl>#icon-503-DB4436</styleUrl>
        <Point>
          <coordinates>
            -119.6383,33.9843,0
          </coordinates>
        </Point>
      </Placemark>
      <Placemark>
        <name>Yellowtail Kelp</name>
        <description>Dana Point</description>
        <styleUrl>#icon-503-DB4436</styleUrl>
        <Point>
          <coordinates>
            -117.5047,33.3,0
          </coordinates>
        </Point>
      </Placemark>
    </Folder>
  </Document>
</kml>
